text,label,marbert_frozen,marbert_finetuned
و الله هداك ما يفقه ف الدين قيد انملة عاد يفرض على شيخ شي حاجة كان خرج واحد التقرير يفند فيه شي مسائل و جاوبوه غ فقهاء ماشي حتى علماء و لقاوه ما فاهم تا وزة منها السدل و قول امين وووو,1,1,1
و اياكم يا رب دمتم طيبين,0,0,0
تستاهل كل خير خويا لعزيز,0,1,1
كلما زاد الشعور قل الكلام,0,0,0
الله اعطيه الجنة,0,1,1
كيف لا اقف احتراما امام هده الكلمات,0,0,0
المانيا يضعون الاستاذ الاعلى راتبا لماذا لانه هو من علم المهندس و الطبيب و لا يجوز ان يكونو اعلى منه راتبا الناس اللي تفكر و تهمها مصلحة ابناءها,0,0,0
بلد تقتل ناسها وتلاحق جمهورها العاشق للكرة,0,0,0
بنت مختفية هادي جوج سيمانات هما واليديها تيقلبوا عليها ليوم لقاوها ميتة فشي غابة,1,1,1
صباح الخيرات و البركات كل البلدان لا تضاهي جمال بلدي,0,0,0
اللهم اكتب لي ما تراه خير لي و إرضني به,0,0,0
نحن اهل الريف ورثنا حقد المخزن علينا ابا عن جد كنا نطمح ان ننساه لكن اليوم يترسخ اكثر فاكثر,0,0,0
القرآن كلام الله سبحانه نور مبين,0,0,0
المجرمين اصبح اكثر من الشعب,0,0,0
لان عقلك عاهر لا يبصر إلا ما يفكر فيه,0,0,0
انا خدمت و ساليت,1,1,1
رايحين يدمروا البلد الله ينتقم منهم,0,0,1
على اسس سليمة لو تحرى كل منا السلم في كل افعاله لا سلمنا من كل كيد و شر دمت طيبة,0,0,0
كانت اجمل امنيه,0,0,0
مبارك عليكم الشهر الفضيل تقبل الله منا ومنكم,0,0,0
نموت على القطوط,1,1,1
قمت اليوم بزيارة لبلدتي القديمة,0,0,0
يارب كل اللي جاي أيام جميلة وأخبار مفرحة وقلب مرتاح وراحة بال,0,0,0
اسعد الله صباحكم بكل خير الصورة من اي مدينة,0,0,0
منطق سليم,0,0,0
للأسف أنا فاشلة في فن الرد,0,0,0
كندخل ل يوتيوب كنطل على كنلقى الاغاني يحتلوا الصدارة و هاد الامر له فترة معي من الزمن و الاشكال الاكبر في طبيعة هاد الاغاني شيء يندى له الجبين و الله,1,1,1
إذا رغبت أن يدوم حبك ، أحسن أدبك,0,0,0
انت من اهل الجزاء اخي الكريم,0,0,0
الله يرفعهم الى جهنم جنب القذافي بأسرع وقت لان الظلم زاد عن حده,0,0,0
آلله سهل عليك خويا الف مبروك,1,1,1
هل تشوش مفوضية الاتحاد الإفريقي على الصحراء قبل جنيف,0,0,0
اعلم فقط كانت مزحة,0,0,0
والله كلما شفتها كنحس بالظلم و الحكرة و يريدون اصلاح التعليم التعليم لن يصلح معا هاد الجيل جيل خصاه التربية الا من رحم ربي,1,1,1
الحمد لله و لو أننا دائما ضد قرارات الدولة لكن ما فعله المغرب الآن يعد ولادة جديدة لسياسة أخرى,0,0,0
يا ربي تربح الحسنية سواسة الله يعمرها دار,1,1,1
صباحك جد و عمل و اجتهاد و انجازات كما عودتينا,0,0,0
جميل جدا ابدعت,0,0,0
حرام,0,0,0
علي الجمييع يارب اسعد الله صباحك,0,0,0
مصدر مسؤول ينفي زيادة أجور القوات المساعدة,0,0,0
اميين الطاقة المتجددة تنبعث من جديد,0,0,0
يمكن حتى الرجل بحاجة لها في مواضع لكن بعقلانية و ان لا تكون هي المسيطرة الحزم و الجدية من شيم الرجال و هنا يختلف الامر على النساء لا اقول الكل لكن,0,0,0
الله ينزل لسماء الدنيا في الثلث الاخير من الليل اي هذا الوقت ، صادقه ل المرحوم اللي غدر فيه من قبل عماله الله يرحمه,0,0,0
واعرة هادي,1,1,1
أنثربولوجي فرنسي يكذب زيارة ابن بطوطة إلى الصين وروسيا,0,0,0
تكوينات مجانية لفلاحين ومزارعين,0,0,0
أجمعين طال عمرك,0,0,0
شعور سيء أن تكتشف مؤخرا أنك تعاملت دائما مع الأشباه أشباه الأحباء أشباه الأصدقاء لا شيء حقيقي وثابت في حياتك إلى الآن,1,0,0
بصح الله يلطف بنا,0,1,1
بالصح لكن ماشي للسباحة,1,1,1
من رفع قال علي رضي الله عنه شر الأصدقاء من تكلف لك ومن تكلفت له ، ومن أحوجك إلى مداراة وألجأك إلى اعتذار كان جعفر بن محمد الصادق رضي الله عنهما يقول أثقل إخواني علي من يتكلف وأتحفظ منه ، وأخفهم على قلبي من أكون معه كما أكون وحدي,0,0,0
تماما و نعم بالله,0,0,0
لأن الكثير يحتاجون هذه المبادرة الخيرة اتمنى من الله يوفقكم اكثر و اكثر في فعل الخير ويجعله في ميزان حسناتكم كل التحية والاحترام,0,0,0
الله يرحمك يا نعيم الله,0,0,0
أتمنى وصلت الرساله,0,0,0
يا خائن يا عميل,0,0,0
بكل ثقه مايمرك مثلي لو تصبر دهر,0,0,0
لا تخسر شخص عاتبك لأنه أفتقد صوتك يوما,0,0,0
للأسف الشديد حال يدمي القلب,0,0,0
ليس على الكل للاسف هناك من تقاعده لايكفي حتى لثمن زيارة طبية واحدة,0,0,0
السعودية مملكة داعش اكبر خطر يهديد الامة العربية والاسلامية في العالم السعودية هي مركز وقلب الارهاب في العالم,0,0,0
يا أيها الوفي المخلص,0,0,0
لا والو للاسف,1,1,1
إنقلب الزمن وانقلبت موازينه,0,0,0
هادي هي المصيبة,1,1,1
بالصحة والراحة,0,1,0
دبا التلميذ العام كامل و هو مضارب باش يجيب النقطة و ينجح و فالاخر تقول له مادرتي والو راك هرستي له الجهد ديال عام كامل خاص نبقاو نحفزو تلاميذنا و خاص يكون عندنا تفكير اصلاحي,1,1,1
أحلامنا جميلة ولكن واقعنا قبيح,0,0,0
مراكش الحمراء,0,1,0
رحمه الله الف سلام وتحية يا اخي,0,0,0
افتتاح معرض الكتاب,0,0,0
صار ينسى وصار يتعمد يغيب اثر الحكايه كلها كانت احلام,0,0,0
لا تعودني وصالك ثم تهملني وتغيب,0,0,0
أسعد الله مسائكم أخواتي إخواني ممتتبعي تويتر أينما كنتم,0,0,0
المغرب عندها منتخب منسجم و مدرب داهية لكن مجوعته صعبة مصر و السعودية مجموعتهم تلزمها الشجاعة و القتالية لانها مجموعة لا تعتمد على فنيات لاعبيها روسيا و الاوروغواي تونس لعبو امام الاسبان مباراة روعة لكن مجموعتهم صعبة ايضا بالتوفيق للكل,1,1,0
لا خير في أمة اضطرت نساؤها أن تتمرجل بينما رجالها تثأنت,0,0,0
هذا من كرمك اختي الطيبة غير مع الوقت,0,0,1
تشرفنا فاي وقت اخي مرحبا بيك عندنا,1,1,1
من علامات موت القلب عدم الحزن على مافات وعدم الفرح على ماهو آت,0,0,0
بارك الله فيك ورفع قدرك,0,0,0
الجمال لا يوصف,0,0,0
هل تعلمون ان باص المدرسة في امريكا عندما يقف لينزل التلاميد تتوقف جميع السيارات خوفا على سلامة الاطفال,0,0,0
اللهم ارحم من ماتو بالدنيا ولم يموتو في قلوبنا واجمعنا بهم في جناتك,0,0,0
و هي من بين الامور التي افتقدناها نحن العرب,0,0,0
من يكون هذا السمسار الذي أقنع أفضل لاعبي منتخب المغرب بالهرب من دوريات أوروبا للعب في دوريات الخليج,0,0,0
أسبوع ثقافي يقرب أنس الكتاب من تلامذة حطان,0,0,0
اذا كنت اعشق كل هذا فمرحبا بالانطوائية و الغموض,0,0,0
احسنت اخي,0,0,0
تاريخو أكيد ماهو مشرف,1,0,0
غصب علي اضيق لا من تذكرت شخص ذخرته ل الزمان وخذلني,0,0,0
محبة,0,0,0
أسوآ أنواع الحزن أن تتظاهر بسعادتك,0,0,0
سبحان الله على جمالها,0,0,0
الله يكتر خيرك,1,1,1
الأمن يجهض وقفة تطالب باستعادة سبتة ومليلية,0,0,0
من مهلكات الحياه انتظار الغايبين,0,0,0
مباراة توظيف بمكتب التكوين المهني وإنعاش الشغل,0,0,0
الجمال بوجودك حبيبتي,0,0,0
اه فهمت تماما الوقت مضمد الجروح الخفيفة ان صح التعبير,0,1,1
اوا تهلا فيها الله يخليكم لبعضياتكم,1,1,1
لا قيمة لحرفي بدونكم أنتم من تزيدونه جمالا تحية لك أخي,0,0,0
الربح من الانترنت شهريا حقيقي,0,0,0
و إذا فادنا بشي سيكون في خسارة كبيرة بالاخر,0,0,0
عادي متعودين,1,0,1
من المؤلم أن تحب ما ليس لك وتوهم نفسك بأنه لك,0,0,0
قال رسول الله إن أولى الناس بي يوم القيامة أكثرهم علي صلاة,0,0,0
عيش لراحة نفسك وأبتعد عن كل شيء يؤلم قلبك مهما كان,0,0,0
العيد مبقا ليه والو شكون مسخاش برمضان ابن جرير,1,1,1
الثقة أن تتركني بين الملايين ولا تخاف غدري,0,0,0
ماكاين مشكل,1,1,1
بالصحة والعافية غاليتي,0,0,0
أنتي جميلة ونقية أنتي منارة الحب والسلام أنتي ضياء لا ينطفئ,0,0,0
هذه هي التشكيلة الرسمية للرجاء,0,0,0
عيد ميلاد سعيد محسن الله يرزقك من حيث لا تحتسب,0,0,0
تماما الاولى ان تصرف على مصالح البلاد و العباد لا ان تفسد بها اخلاقنا و اخلاق من هم من بعدنا لكن تمت من لا تهمهم مصالحنا بقدر ما يسعون في ابقاءنا على حالنا او ما هو اسوأ,0,0,0
و لازلنا نقول أمة انهت صلاحيتها,0,0,0
طبعا يؤيدونه لانهم مجرمون وقتله,0,0,0
اللهم إنا نسألك الهدى والتقى والعفاف والغنى,0,0,0
اه معرفت انا تفرجت في دقايق من الشوط الأول,1,1,1
الله يهديك لطريق الصواب و ابعد طريق الشر عنك,0,0,0
لا حول ولا قوة الا بالله مشهد يدمي القلوب,0,0,0
الله يشفيك مرضك عضال يستجوب علاج سريع,0,1,0
أجمعين يا رب,0,0,0
يسعد صباحك و مساءك يا رب,0,0,0
لوحات تشكيلة وتحف فنية,0,0,0
أختي المسلمة التقية صلاحك يعني صلاح الأمة,0,0,0
لا أظن أنني بخير جدا ولكن لابأس,0,0,0
كتموت على الرديلة انت,1,1,1
وراء كل إمرأة سعيده ومرحه رجل ، تتنفس حبه وأهتمامه,0,0,0
علينا و عليكم ان شاء الله,0,0,0
لا حول و لا قوة الا بالله الله يرحمو ولكن زاد كمل على بنتو و حرمها من أب,1,1,1
امين يارب واياكي اختي الغالية فضيلة,0,0,0
ان يجلس الانسان في كرسي متحرك ، ليس بالامر الكافي ليجعل منه انسانا منتجا في المجتمع,0,0,0
هو الاصل و الباقي تقليد,0,0,0
ارتفاع عدد ضحايا حادثة أوريكة,0,0,0
راه تقرير عليه ماشي تم إختياره لشخصية السنة,1,1,1
مبروك السنغال الربح حفضتم ماء وجه إفريقيا بهذا الإنتصار,0,0,0
قرأتها و اعجبتني,0,0,0
أخي الله عز وجل قالها في القرآن إنا نزلنا الذكر وإنا له لحافظون ولايوجد خلاف في القرآن بين الإئمة الأربعة أو العلماء الأجلاء,0,0,0
احبك لو تكون حاظر,0,0,0
مبارك عليكم الشهر الكريم وكل عام وانتم ومن تحبون بخير,0,0,0
يا مدور عيوب غيرك صلح عيوبك,0,0,0
شكرا لكم على تمرير تغريدتي,0,0,0
تمسك بالأمل إلى آخر لحظة,0,0,0
تضمه عيوني لو زاد تقصيره غيره يحبوني وانا ماحب غيره,0,0,0
لاحظ عمرني دخلت صفحتك و لا تغريداتك لاني محترمة و لست وقحة مثلك,0,0,0
انعدام الوعي و المسؤولية والضمير توحشت البشرية الله يلطف بالعباد,0,1,1
لا تحزن مادام طريق الصحيح تعرفه إرض بما قسمه الله لك تكن أغنى الناس,0,0,0
اعترافات تفضح تاريخ الخيانة ضد العرب,0,0,0
و اسعدكي ايضا غاليتي الله لا يحرمنا شيئا الا لكي يعوضنا بافضل منه حبيبتي,0,0,0
الله يحفظك يا فخر المغرب,1,1,0
التغافل لا يعني الغفلة و لكن نفوس كريمة تغض الطرف لتحفظ الود,0,0,0
هذا لانك خلوق و ابن اصول و تتقي الله في خلقه حياك و حيا من رباك,0,0,0
عرفت غي الهضرة متبع الاخبار لكن خاصوا يكون شي حاجة,1,1,1
حاول ثم حاول وبادر ما دمت قادر,0,0,0
شكرا فوجتيها عليا,1,1,1
كل شيء يأتي بالسعي إلا النصيب فهو الشيء الوحيد الذي يسعى إليك,0,0,0
ربي يشفيها لكم ويلبسها ثوب الصحة والقوة ويذهب عنها الضر و الباس ولا يريكم فيها مكروها ان شاء الله,0,0,0
أعجبتني الفكرة,0,0,0
آمين يا رب بارك الله فيك اخي الفاضل و شكرا لدعاءك الكريم,0,0,0
نساء السلطة قايدات يسيرن الأحياء بقفاز حرير ويد من حديد,0,0,0
و هل انعدمت فيك القوة حتى تطلب من انثى قتل ذبابة,0,0,0
أكتب ببطء في الأماكن الهادئة,0,0,0
الله يحد الباس و صافي,1,1,1
الله يا ربي الله البنت ضاعت منا,1,1,1
اللهم لا تاخذنا بما فعل السفهاء منا,0,0,0
اقدر يكون مازال ما وصل لمرحلة ادمااااان,1,1,1
تخالطت ليك مع تلك النظرة ولا كيفاش,1,1,1
آمين رحم الله جميع موتى المسلمين,0,0,0
صديقة لي من المنطقة,0,0,0
نتمنى ليك سنة سعيدة عامرة بالنجاح و الانجازات باذن الله ويكون مستقبلك مشرق,1,1,1
إبتسامة الأم تنسيك هموم الدنيا,0,0,0
ربنا ييسر امرك ويفرحك,0,0,0
فاشل,0,0,0
ان بعض الظن اثم يا حسان,0,0,0
باقات الورد تعطر شذى أيامك وفرحة وسعادة تغمر قلبك الطيب تحياتي وخالص ودي واحترامي لشخصك الراقي,0,0,0
قصتك هذه لم تعجبني,0,0,0
رائعون هؤلاء الذين قلنا لهم دعونا و شأننا ف أمسكو بنا و قالو أنتم شأننا,0,0,0
بغداد تنشر الاعترافات الأولى لجهاديين فرنسيين عادوا من داعش,0,0,0
صباح الخير والسعادة اللهم اجعله يوما مباركا موفقا ارنا فيه اشياء جميلة تسعدنا,0,0,0
غاية الحكمة أن يتقبل المرء نفسه كقدر وأن لا يرغب في أن يرى نفسه شيئا آخر,0,0,0
سبحان الله العظيم لا حول ولا قوة الا بالله,0,0,0
نصيحة في وقتها اشكركي عليها يا ياسمينتنا الجميلة,0,0,0
قبل اسبوعين,0,0,0
ربي يحفظك اخي كلامك شرف كبير لي وكل يرى الناس بعين طبعه والطيب من اصلك,0,0,0
شكرا لمن شارك,0,0,0
لولا الاستعمار لازلنا نركب الدواب و البغال هادي حقيقة,0,0,1
أتمنى ان لا اكون واحد من هؤلاء,0,0,0
يا ربي يجيب للي يفهمنا ما يعطونا والو هضرنا ردوني داعشية,1,1,1
المدينة الاجمل ملكة البحيرات بتاجها الأخضر,0,0,0
وإياك اخ انس,0,0,0
قناتكم معروفة ورئيسكم باعكم لأمريكان مقابل الحكم وعلمائكم في السجون,0,0,0
فإذا رأيتم شيئا من ذلك فافزعوا إلى ذكره ودعائه واستغفاره» رواه البخاري,0,0,0
يعيشون للأبد ولا يكلفونك شيئا العلم يتنبأ ب الأطفال الافتراضيين مع حلول عام,0,0,0
تحياتي للمرأة المغربية وجمالها وأناقة لباسها,0,0,0
إن أحسنتم أحسنتم لأنفسكم اجعلها قاعدة في حياتك أسعد مساءكم بكل خير,0,0,0
الله يكبر بيك خويا لعزيز تستاهل ياسمينتنا الجميلة اتمنى لكما سعادة لا تنتهي,1,1,1
حملة تزود المغربيات ب فوطات الدورة الشهرية لسلامتهن الصحية,0,0,0
صافي الزبدة البلدية احسن ما كاين,1,1,1
ما احلاه من اجمل ما خلق فى هذه الدنيا,0,0,0
نحن بخير و نسلم عليك,0,1,0
المهم تستاهلوا تحياتي ليكم,1,1,1
وييه الوقت كتجري,1,1,1
هل دعاء اللهم ردنا اليك ردا جميلا اصبحت مسبة,0,0,0
اوك ان شاء الله,1,0,1
امين عذرناهم على وجه ديك البنية اللي بغت تفرح هاد الليلة,1,1,1
الدعوه الدائمة بشرني بما أتمناه يا الله,0,0,0
دبا كنشوف راسي بلا مقاطعة كيف غ نكون,1,1,1
ما تقربش بها و للعالم بخير,1,1,0
تحياتي تحياتي و نهرا من سلاماتي لمن في القلب مسكنها و تحيا ضمن آهاتي و يحكي عشقها شعري و نبضي قال رأفات,0,0,0
تحياتي لكما في بعض الأحيان نحن نخطئ في حق أمهاتنا فقط عندما نخطئ في حق انفسنا,0,0,0
و هادشي في تزايد الله يستر,1,1,1
سلامة روحك يا الغالية انتي,0,0,0
عجباتني طريقة التفكير ديالك,1,1,1
حمدا لله على التساقطات الغزيرة اللهم ارحمنا,0,0,0
شكرا لمرورك,0,0,0
ويل لكل أفاك أثيم,0,0,0
الكاريزما توضع في المقام الاول عاد نشوف الاقدمية,1,0,1
تحاكم في مصر بتهمة الخيانة أو الغباء,0,0,0
باقي الخير في الناس,1,1,1
هكذا أصاب متقاعد المارة بالرصاص في كلميم,0,0,0
كلام فارغ,0,0,0
لحد الان الامور طبيعية,0,0,1
مسؤول فلسطيني يتهم إدارة ترامب بدعم إسرائيل,0,0,0
كان عزيز على الناس بزاف شوفي الردود على تغريداته ونتي تعرفي,1,1,1
كل الحكاية اشتقت لك,0,0,0
قانون جديد يقرب الصفقات العمومية من التعاونيات,0,0,0
هناك أحبة في الحياة سعادة والقرب منهم فائدة والاستعانة بهم مغنم والتضحية لأجلهم بطولة وقضاء حاجتهم لذة اللهم فكثرهم و بارك فيهم أسعد الله مساءكم بكل خير,0,0,0
ولا أروع فصلي المفضل,0,0,0
سلام على الدنيا اذا لم يكن بها صديق صدوق صادق الوعد منصفا,0,0,0
واحد من الأصدقاء القدام كان ديما مفكرني فيها,1,0,1
عاد مهرجان تيميتار بأكادير في دورته لدهس المبادئ و مسخ الأخلاق وقتل الأعراف و إحراق الأموال ، فقاطعوه لله بقلوبكم و قوالبكم,0,0,0
هم الإرهاب والكفر وألاشد عدواة للذين آمنوا,0,0,0
الله يفضح امكم فضحتونا,0,0,0
توقعات طقس الثلاثاء سحب منخفضة وكتل ضبابية,0,0,0
ويحدث أن تقرأ شيئا يذكرك بكل شيء,0,0,0
الله يرزقك من حيث لا تحتسب ويزيل الحزن عن حبيبتنا مصر ويجعلها بلد الامن والسلام والازدهار يا رب,0,0,0
كل مافي الأمر أني أعشقك,0,0,0
رسميا لاعب مغربي آخر ينضم إلى الدوري القطري,0,0,0
جوابك دليل ثقافتك يبدو انك مثقفة خاصك تمشي تشوفي شي فقيه مررت من هنا,0,1,1
قنبولة هادي ماشي جول,1,1,1
شكرا شكرا بقا تعطيني بحال هاد النصائح القيمة راني في حاجة اليها,1,1,1
اللهم اجعلنا ممن عفوت عنهم ورضيت عنهم وغفرت لهم وحميتهم من النار وكتبت لهم الجنة,0,0,0
شكرا لك أستاذ على المساهمة الرائعة,0,0,0
كنشوف بعيد وداكشي لي بغيت نوصل ليه كيبانلي قريب بالخدمة والجد أي حاجا ممكنة,1,1,1
اشياء عفوية,0,0,0
لا غير حيث عرفت قلبك كبير,1,1,1
سؤال اليوم ما هي مضامين اتفاقية جنيف,0,0,0
مودتي و محبتي لكي,1,0,0
اليوم رأيت شيئ حز في قلبي كثيرا اللهم ادنا و اهد بنا,0,0,0
كيمدح في ولد بلادو وانتوما سوقكم,1,1,1
و كم شخص سهر الليالي لانه حبيبه جعفر قال له أحبك,0,0,0
حقوقيون الدستور المغربي لم يغير الوجه التقليداني للمخزن,0,0,0
رسالة صباحية الله وحده من سيمنح قلبك لذة الحياة,0,0,0
كل مافي الأمر أني أردت توضيح وجهة رأيي,0,0,0
مع احترامي اختي هذا يسمى قمع و دكتاتورية,0,0,0
الدائم الله الله يرحمها و يغفر لها,0,0,0
طائرة الرئيس الجزائري بوتفليقة تحط في مطار عسكري,0,0,0
قليل نفس و جاهل,0,0,0
أمسينا وأمسا الملك لله والحمد لله لا إله إلا الله وحده لا شريك له له الملك وله الحمد وهو على كل شيء قدير,0,0,0
يغار من غيره و غيره مايسوى ثراه,0,0,0
اليوم قريت منشور لاحد ما ينعت اصحاب فكرة مقاطعة موازين باصحاب الفكر الداعشي او الدواعش,1,0,0
اودي راه الفقصة,1,1,1
بعد تعرض فيسبوك و إنستغرام و واتساب لعطل مفاجئ أعاق ولوج بعض المستخدمين إلى خدماتها كيف تتخيل عالما بدون مواقع التواصل الاجتماعي,0,0,0
إذهب إلى الله بضعفك يأتيك بقوته اللهم ارزقني وارزق متابعيني الفردوس الاعلى,0,0,0
العلمي المغرب أنتج ألف سيارة,0,0,0
جميلة,0,0,0
علاش بالعكس كانت تهبل رأيك ونحترموه على كل حال انشاء الله تقنعك في الحلقات القادمة,1,1,1
أسلوب جميل جدا ابدعت,0,0,0
شكرا علي التوضيح والمهم الأخذ بالعبرة,0,0,0
رحمه الله رحمة واسعة و جعل مثواه الجنة ترحموا عليه اصدقائي و ادعوا له,0,0,0
الله يطولك في عمرها و يجعل قلبها يفرح بيك و تشوفك متهنية وسعيدة,1,1,1
يقلب ومايستسلمش و غادي يلقا ان شاء الله,1,1,1
نسأل الله العافية قال العلامة ابن عثيمين رحمہ الله تعال القلب وعاء إذا امتلأ بشيء لم يبق للشيء الآخر محل ، فإذا امتلأ بحب الدنيا انشغل عن حب الله عز وجل ورسوله صلى الله عليه وسلم وصار الإنسان ليس له هم إلا الكسب فتح ذي الجلال والإكرام,0,0,0
تلك الأناجيل كتبت بعد أن رفع الله عيسى عليه السلام بعد وفاته بسنين ومنهم من لم يره وإفترا كذبا بأن كتب ذالك الإنجيل,0,0,0
إيه أحبك وزادت اشواقي علييك,1,0,0
إنتهت قصة حب لا ليس هذا هو التعبير السليم بل انتهى الكلام بيننا فكيف ستعشق كادح متمرد يحكي لها عن بطولات جيفارا ومغامرات كاسترو ويكتب لها القصائد كل صباح كيف لا ينتهي الكلام ولن تنام بين آحضان بورجوازي يحدثها عن مراكز التسوق ومغامرته مع البنات، الفرق بين الحب والحب دولار واحد,0,0,0
علينا و عليك خويا,1,1,1
لا اخويا هاديك غير هضرة,1,1,1
ماعمرني عرفت سميتها حتى اليوم,1,1,1
كلشي فحالك و لكن بعد العسر يسرا,1,1,1
ينجح ينجح,0,0,0
ميسي هو أفضل لاعب في العالم بعد كريستيانو رونالدو,0,0,0
مساء الورد وياسمين يا اخي قاسم,0,0,0
الأغنية الجديدة سالات تسناوها قريبا إنشاء الله كنبغيكم بزاف,1,1,1
للاسف واقع,0,0,0
وأما السائل فلا تنهر هو منكسر بذل السؤال فإذا ضممت إليه سوء الرد تضاعف كسره، فإن لم تحسن بالبذل فلا أقل من حسن الرد سبحان الله وبحمده سبحان الله العظيم,0,0,0
كل عام وأنتم بخير بمناسبة حلول شهر رمضان شهر البركة والرحمة أعاده الله علينا وعليكم بالخير,0,0,0
عش نهار تسمع لخبار مغربي استطاع أن يقنع الآلاف من المواطنين يلتحقوا بالجبل باش يخرج ليهم كنز من الجبل يغنيهم ويغني العالم بأسره وا اسفاااااه,1,1,1
الجانب الثقافي قليل مكتستتمر فيه والدولة آخر همها,1,0,1
ليس لي وقت الان,0,0,0
وأخيرا لقيت مول كاوكاو تصورت معاه رجل طيب بزااف,1,1,1
يا لذة الوقت فيك ، ويا مره بدونك,1,0,0
امام مجلس النواب بايطاليا وقفات احتجاجية على زيارة تميم الى إيطاليا,0,0,0
الصورة من إحدى المقرارات الدراسية للمستوى الابتدائي للاشارة الكتاب خاص بمادة اللغة الفرنسية باطلاعك على مضمون الكتاب ستعلم لماذا تعليمنا وصل للحضيض قاليك واحد ، جوج ، ثلاثة با مشا لسباتا,1,1,1
المظاهر خداعة و جب الحذر,0,0,0
طفل ولا دمية,0,0,0
إيدر طفل مغربي أدهش أساتذة في البرمجة,0,0,0
صباحكم مبروك لالة,1,1,1
هذا حال دولنا العربية و حال شعوبنا أنظمة مستبدة و شعوب منبطحة,0,0,0
أحذية صديقة للبيئة,0,0,0
حدراف لاعب كبير وغادي يبقى كبير وبلاصتو كاينة في الرجاء وفي المنتخب دار خطأ آه ولكنه لاعب أكثر من رائع,1,1,1
جنوب المغرب جنه الله على الارض,0,0,0
الكوكب المراكشي يحفز اللاعبين لتفادي النزول,0,0,0
ادامها الله عليهم هذه النعم,0,0,0
أخر جمعة في ذي القعده ها نحن نستقبل العشر المباركات يارب ارفع عنا ما أهمنا وما أغمنا وأنصرنا على من ظلمنا وارفع اعمالنا ونوايانا الصادقة واشف مرضانا ومرضى المسلمين وارحم موتانا وموتى المسلمين وبلغنا عرفة وارزقنا فيها أفضل الأعمال وأحسن الدعاء واجعلنا من المقبولين,0,0,0
قلبي معك والروح لك دنيا و دين واللي احبه والله ان قلبي معه,0,0,0
من يصنع السعادة بداخلك هو من يستحقك,0,0,0
دربه صعيب ومتعتي فالصعوبة,0,0,1
أن الله جل جلاله قال لعباده لا تقنطوا وقال يعقوب لأولاده لا تيأسوا وقال يوسف لأخيه لا تبتئس وقال شعيب لموسى لا تخف وقال نبينا صل الله عليه و سلم لأبي بكر لا تحزن نشر الطمأنينة في النفوس في ساعات القلق منهج إلهي نبوي أسعد الله أوقاتكم بكل خير,0,0,0
يتناقض مع واجب الشرطة التورط في العنف أو التصعيد مع المتظاهرين,0,0,0
تصبح علي خير يا اخي عبد الله ليلة سعيدة واحلام جميلة,0,0,0
بالصبر والتقوى يجعل الله العسر يسر,0,0,0
بارك الله فيك ا الحاج,1,1,0
كولشي دايخ هد الايام,1,1,1
غا قولي فين الخطا,1,1,1
غادي نراجع تغريدات نعرف سبب,1,1,1
الإخوان هاد الصحيفتان تعملان على إفشال المقاطعة و همهم مصلحتهم لهذا هناك دعوة من كل المغاربة لإلغاء الاشتراك و الإعجاب بهم,0,1,0
تقدير موقف حول الانتفاضة الشعبية في الجزائر وخلفياتها,0,0,0
دابا متافقة معاك,1,1,1
فين عمرهم فهموا,1,1,1
الله ينتقم منه حسبنا الله فيهم,0,0,0
تحية كبيرة للجماهير النصراوية من المغرب الشقيق,0,0,0
أفضل طريقة للشعور بالسعادة هي أن تسعد غيرك,0,0,0
من يفقد ثروة يفقد كثيرا ومن يفقد صديقا يفقد أكثر ومن يفقد الشجاعة يفقد كل شيء,0,0,0
خبر لا اساس له من الصحة مجرد كذب,0,0,0
رائع شكرا,0,0,0
لا شئ في العالم يضاهي هذا العناق,0,0,0
عيد ميلاد سعيد الله احفظو,1,1,1
اغرقت عيناي بالدموع,0,0,0
وي عرفتك علاش كادوي بالي بيه قبل مايشد فيك الرواح و مايبقاش يطلقك,1,1,1
المغرب الروح والعمر,0,1,0
مصيره مزبلة التاريخ,0,0,0
تضحك الدنيا بعيني لو رضيت واقبل اعذارك واسامح لو خطيت,0,0,0
الاقتصاد غير المهيكل يتسبب في خسارة ضريبية ب مليار درهم,0,0,0
بصحتك ابنت عمي بدوام الصحة والعافية وكل عام وانتي بالف خير,1,0,1
انا متشائم و ساضل متشائم حتى ينزلوا البنزين,0,0,0
صباح الخير لنبدأ يوما جديد بكل تفاؤل أن الحياة فيها أمل,0,0,0
من أجمل ما قرأت,0,0,0
هذا موضوع متشعب وعميق ولا يسعنا الحذيث عنه بتغريدات تويتر القصيرة,0,0,0
في سجدة بين يد الله,0,0,0
صدقني ستكون بخير لو تعاملت بخير,0,0,0
ظهوري على عدة قنوات عالمية دليل على عالميتي كبير و ذكي أنت,0,0,0
ليست لدي أي فكرة إطلاقا عنه,0,0,0
هنيئا للمنتخب الروسي الفوز برباعية جميلة,0,0,0
انا متآكد آتعبري الجسر مادام متحمسة وكاينة الارادة هاذ بلاسة وريكة ست فاضمة مراكش انشاء الله غنديك,0,1,1
خليك ليلي,1,0,1
النقاشات ليست معارك للفوز والخسارة هي مجرد نقاشات ولاندخلها بمنطق الفوز والخسارة,0,0,0
دائما الغد مشرق طالما أن هناك شمسا في القلب لاتغيب,0,0,0
ياربي نكون غ كنحلم,1,1,1
الإختلاف محمود إذا كنا نبحث عن الحق المهم أن تكون نيتنا حسنة وألا نكون دورغمائين أو نقد من أجل نقد,0,0,0
وجودك في وزارة التعليم غير مقبول فاشل,0,0,0
أشعر بالخيبة,0,0,0
يخليلي لحشمان انا,1,1,1
مساء الخير الإخوة و الأخوات خدموا تبوكصوا مع راسكم أو تهلاو في الوالدين أهم حاجة,1,1,1
اشنو الحل,1,1,1
لمغربيات غير تيبعدو على القفطان كيتلفوا,1,1,1
لا تقترب ما دمت لن تبقى,0,0,0
ضاع وطننا بأيدي المنافقين,0,0,0
الفساد خرج على هاد البلاد,1,1,1
كل واحد وميولاته ويوم تعلق عدل اسلووبك واحترم غيرك,1,1,0
رساله صباحية وما خلقك ربك لينساك ، كن مطمئنا,0,0,0
ما زال في العمر متسع من الحياة و الأمل ز الحب و البهجة و تصحيح الأخطاء والعفو والتسامح و السعادة,0,0,0
فراشة غادرت كتف الآمير تعلم آنه لن يشعر بوزنها ووجودها لكنها تنتظر حنينه للورود التي كان يزورها لآجلها فيعود,0,0,0
الارجنتين بقات فيا,1,1,1
مهرجان القصص بالشارقة يختزن كنوز الحكايات,0,0,0
وييه عييت معاه ووالو مسكين,1,1,1
السعادة التي تهديها لأحدهم ستجوب الطرقات و تعود إليك يوما ما,0,0,0
هناك إعلان عالمي عن حقوق الإنسان فمتى يكون هناك إعلان عالمي عن واجبات الإنسان إتجاه الإنسان,0,0,0
لا تيأس فالسير على طريق الوصول وصول,0,0,0
في نظري بول بوغبا لاعب جيد لكنه شخص وقح ومبرهش فعقلو,1,0,0
هاد السيد كيجيني احسن مغربي كيتكلم على الكورة,1,1,1
رمضان اللهم إني اسألك طمأنينة القلب و انشراح الصدر,0,0,0
قاعدة نبوية في الاخلاق عن أبي هريرة رضي الله عنه قال قال رسول الله صلى تالله عليه وسلم من حسن إسلام المرء تركه ما لا يعنيه حديث حسن رواه الترمذي وغيره دامت الاخلاق عالية والإنسان المسلم هو من سلم الناس من يده ولسانه,0,0,0
لن تجد الهدوء أبدا إن كان مصدر ضجيجك أعماقك,0,0,0
التعريف الدقيق للسياسة عند الساسة المغاربة,0,0,0
حقيقة وقناعة شخصية في نفس الوقت,0,0,0
إنا لله وإنا إليه راجعون الله يرحمها ويوسع عليها,0,0,1
هما صديقين أكثر من إخوة بالنسبة لي,0,0,0
صباحك بهجة و فرح غاليتي,0,0,0
سيكون لك في قلبي ايقاع خاص ليس ك غيرك من البشر ستكون أنت البسمة التي أستنير بها في ليلة أنت فيها قمر,0,0,0
ليت الشوق الدي وجعنا جمعنا,0,0,0
افعال فردية لن تجعلني اخجل من قول انني مغربية مغربية و افتخر و الله لو اجتمع العالم على ان يكرهوني في بلدي لزددت حبا للمغرب نقطة انتهى,0,1,0
بنبره حزينه انا انهلكت بمافيه الكفايه,0,0,0
الحكم على الزفزافي و رفاقه ب سنة لماذا لانهم طالبوا بالعيش الكريم والكرامة و العدالة الاجتماعية في حين اللذين سرقوا اموال الشعب و نهبوا ثرواته و جوعوا ابناءه يتمتعون بالحصانة والحماية و الله انه عار و يتكلمون عن الفتنة اوا ليست هذه اكبر فتنة,0,0,0
شكرا لتقبلك النصيحة و شكرا ايضا لنصيحتك و ان شاء الله خير,0,0,0
الحيرة هي قلب يريد وعقل لا يريد,0,0,0
على سبيل الفرجة لا تكن الرفيق الذي يتخلى عنه وسط الطريق,0,0,0
هذا ما يسمى بالنفاق الاجتماعي و تضارب المصالح,0,0,0
يوم اسود في هذا البلد,0,0,0
الديمقراطية صنعها الغرب للتحكم فى الدول المتخلفة بأبواق متعددة مثلك,0,0,0
ريتم الوداد مرتفع بزاف,1,1,1
الكورة بتحب بوطيب والله,1,0,1
شي ناس تقلب على الاستقرار و شي ناس تقلب تجيب المشاكل لراسها الله يهدي ما خلق,1,1,1
واحة من المغرب العميق,0,0,0
أصعب من الشوق كتمانه,0,0,0
ملعونون اصلا,0,0,0
وجهة نظر ساذجة,0,0,0
الحمد لله شكرا للرب على متابعتي في تويتر شيء عظيم لا يصدق هذه ليلة مباركة,0,0,0
فعلا صدقت الحمد لله,0,0,0
الناجي يدقق في تزويج القاصرات بالدول المغاربية,0,0,0
كل مافي الأمر أني اعشقك,0,0,0
كان احسن لو دمجو بعض الاسماء من هنا و هناك,0,1,0
اليسار ذهب الى مزبلة التاريخ,0,0,0
كلام من ذهب,0,0,0
حتى قائد أركان الجيش أكد سابقا أنه لن يسمح بإقحام الجيش وذكر بمهامه الدستورية,0,0,0
اوافقك الرأي لكني لا اريد مناصب خليني هاني و مهني احسن,1,0,1
وانا نفهم,1,1,1
لا ماعنديش معها و هذا للي عطا الله,1,1,1
إنها لا تعي ما تقول لأنها مجنونة والمجنون رفع عنه القلم,0,0,0
المتحف المصري لتراث,0,0,0
كاع فرص الشغل لي جاتني مامشيتش ليها حيت جاتني بعيدة شوية ومنقدرش نخرج من دار فالظلام باش يلاه نشد جوج طوبيسات ونوصل فلوقت,1,1,1
لست ادري ما هذا الغباء المركب في هذه الامة البئيسة,0,0,0
تسهر لك العين ولو في طرفها نعاس,0,0,0
اضمه في برد الايام وادفى، هذا عمر ماهو مجرد حبيب,0,0,0
صباح الورود,0,0,0
صباح الخير ثم إنك لا تدري ماذا يخبئ الله لك من فرح اليوم فقط أبتسم,0,0,0
بيوت البسطاء الجميلة,0,0,0
فوز مستحق للريال,0,0,0
هو عزيز عليه و نتي ماشي من العاگزين جبتي ليه,1,1,1
كل عام وانت بخير وسعادة دائمة,0,0,0
ماضحكوش,1,1,0
انا بعدا مقابلة البحر لا يرحل,1,1,1
وخاب ظني حين ظننت أن ظني في محله,0,0,0
ياطبعي الأناني كفاك حسد,0,0,0
هاديك راه مغربية اعمي,1,1,1
أنتم نهايتكم ستكون مأساوية أكيد لأنكم بايعتم مدينة رسول الله مقابل أن يحكمكم ديكتاتوري وسجنتم عدد كبير من العلماء وقتلتم الصحفيين والان فتحتم السعودية للمغنيين والراقصات,0,0,0
لا فرق عندي صراحة,0,1,1
ثلاث ادعيه لاتنساها اللهم إني اسألك حسن الخاتمه اللهم ارزقني توبتة نصوحا قبل الموت اللهم يا مقلب القلوب ثبت قلبي على دينك,0,0,0
اليماني يجيب الداودي تشغيل سامير يسد حاجيات البلاد أشهر,0,1,1
أحقر الرجال من يتكلم في عرض امرأة كان يوما يناديها حبيبتي,0,0,0
ابداع,1,0,0
حفضكم الله ورعاكم,0,0,0
الصورة تقول حررو عقولكم قبل ان تطالبو بحرية اجسادكم,0,0,0
هذا الشخص يجعلني أشعر بقيمة الإنسان وعظمة الإنسان,0,0,0
اذا اوجعكم الفيديو فهو ليس مونتاج او فوطوشوب بل هو واقعكم الاليم,0,0,0
أسوأ من الظلم أن تستطيع تجاوز شعورك بأنك على خطأ أن يموت الضمير أن تعيش باسم الإنسان لكن ما بداخلك يشبه الصحراء خاوية رغم اتساعها,0,0,0
بعد فضيحة التعاقد مع شركة اسرائيلية مصطفى بكرى يؤلف كتابا عن دور الاخوان فى المهزلة,0,0,0
رعى الله صديقا حفظ سري و دافع عني حين أغيب,0,0,0
كاين خلل فالمنظومة,1,1,1
مبروك للمدريديين,0,0,0
لله ما أعطى ولله وأخذ الله يرحموا ويوسع عليه ونسأل له الثبات عند السؤال,0,1,1
اللهم قوي ايمانهم,0,0,0
الله يجيبو على خير,1,1,1
بالرغم من كل نشاطاتنا حاليا في المنطقة أعود دائما لأتحدث عن أهميته بالتعاون,0,0,0
رب اغفرلي و لوالدي ولجميع المسلمين و المسلمات الأحياء منهم والأموات برحمتك يا ارحم الراحمين اللهم اغفر وارحم لمن اشتاقت لهم الانفس و هم تحت التراب يا حي يا قيوم اللهم اجعل قبورهم روضة من رياض الجنة يا عزيز يا رحيم,0,0,0
اللهم صلي وسلم وبارك على سيدنا محمد وعلى آله وصحبه أجمعين,0,0,0
يا عالم النواوي خطير يحرق الاخضر و اليابس غلطة واحده كارثه,0,1,0
يكملوا بعضهم البعض آن يجعل من المرآة مرآة عضيمة والمرآة آن تجعل من الرجل رجل عضيم,0,0,0
عمري فحياتي ننسا هاد النهار كانطلب المساعدة,1,1,1
اغنية واعرة,1,1,1
منتوج مغشوش لعنة الله عليكم,0,0,0
أوقات تكون نبرة الصوت نصف الشعور,0,0,0
اذا بانت البسمه على وجهك احس إني انا المسرور,0,0,0
شكون باقي فايق,1,1,1
لا يفلح الساحر حيت أتى,0,0,1
اذا سخر الله لك سببا لبلوغ مقام ما فلا احد سيمنعك ام انني مخطئ,0,0,0
قرارات مرسي انتقام,0,0,0
بقد ما هاد الفيديو مضحك بقدر ما هو محزن في نفس الوقت لهلا يحوج شي مسلم يا ربي,1,1,1
البنك الأوروبي يفرد مليون يورو لتطوير أوطوروت المغرب,0,0,0
المتيوي موسيقى الآلة تراث لا مادي للإنسانية يفتح باب العالمية,0,0,0
خليتي لي حقي,1,1,1
عندك الحق غتكون النقاشات والجدالات,1,1,1
رمموا دواخلكم بالإستغفار فلا شئ ينهك الروح و ينخر القلوب كما تفعل الذنوب أستغفرك ربي وأتوب إليك,0,0,0
أكيد غادي توصل,1,1,1
بابا الفتيكان وعصابته مسؤولون عن قتل المسلمين,0,0,0
العفو عزيزتي,0,0,0
ما تيقتلني غير واحد جالس يتفرج في ماتش ديال الكرة كرشو سبقاه باسبوع و ينعت لاعب بحمار لانه ضيع هدف حيد ديك لكرش عندك و سير ماركي بلاصتو,1,1,1
صباح النور عقيد,0,0,0
وراه هادشي لي كانقوليهم من الصباح المشكلة فلي كايتفرج ماشي فلي مصور,1,1,1
صدفتك كانت خير لقلبي ومازالت,0,0,0
الله يحفظك و يعطيك الصحة,1,1,1
ربي يشافيك ختي,1,1,1
و الصحيح اختي سأل المجرب و سال الطبيب بمعنى سولهم بجوج لأخذ العبرة و التجربة,1,1,1
الحياة درووس و الخاسر من لم يتعلم منها,0,0,0
سلاما للذين ينشرون الجمال في هذا العالم للذين يصنعون أكاليل الورد حول قلوبنا للذين ينشرون الألفة والمحبة والسلام,0,0,0
عظيم شكرا لكم,0,0,0
غبر هاد خونا,1,1,1
هاد المسألة اللي ما نفهم فيها والو,1,1,1
احترام متبادل عزيزتي,0,0,0
خاصني ويكاند من هاد الويكاند عمرني وصلت لهاد النيڤو د العيا و مازال تابعاني الطريق,1,1,1
الحمد لله على سلامتك,0,0,0
التركيز هو أساس النجاح في السياسة في التجارة في العمل و في العلاقات الإنسانية كافة,0,0,0
الى حين التأكد من صحة الخبر يبقى مجرد كلام,0,0,0
ربي ربي ربي يفرح قلبك هاذ الصباح ناشط مع راسي,1,1,1
شركة بريطانية تراهن على غاز تندرارا للتقليل من إمدادات الجزائر,0,0,0
حاول أن تسافر,0,0,0
قال جل جلاله إن ربي لطيف لما يشاء قالها يوسف بعد ما وقع له ما وقع واقعة البئر، وكيد امرأة العزيز وبعد سجنه الطويل أدب مع الله في اختيار الألفاظ أسعد الله أوقاتكم,0,0,0
مدينة جميلة وناسها دراوش,1,1,1
يواجه أحد أشد وأخطر أزمات انقطاع الخدمة في تاريخه,0,0,0
بوركتم,0,0,0
امين الله يجيبو على خير تعطل عليا,1,1,1
وحين تغلب العاطفة عند الرجل على العقل فاقرأ على الدنيا السلام,0,0,0
وسبب الإنتفاخ مايكون غير التعذيب الجسدي اللي كيتمارس عليه,1,1,1
كل الاحترام والتقدير لشعب مصر الطيب,0,0,0
الى متى سنبقى نعاني في صمت,0,0,0
صبر جميل,0,0,0
الله ارحموا واجعل مثواه الجنة يارب العالمين,1,0,0
ربنا لا تؤاخذنا بما فعل السفهاء منا,0,0,0
شن قادة الانقلاب حملة مستمرة على كل أصحاب الرأي الآخر,0,0,0
ونعم الرجل رضا شكرا بزاف,1,1,1
أحبك الله و رسوله و ملائكته أيها الطيب الكريم و انا ليا الشرف بمتابعة امثالك من الخيرين,0,0,0
السياسيين عندنا عندهم هوايات حيوانية إجرامية مثل السرقة والنصب والقتل,0,0,0
شكرا اختي العزيزة ربي يبارك فيك وينورك,0,1,0
قال الله فسقى لهما خدمة عابرة في لحظة عفوية خلدها القرآن الكريم، لا يشترط في كل معروف تخطيط طويل فقط اعمل الخير ، واسأل الله تعالى القبول,0,0,0
فاسة و سواسة عجيب الله يخليكم لبعض و يداوم المحبة,1,1,1
وضروري فينما شي مغربي انا معاه,1,1,1
فاش تشوف هذا فرحة كاملة اعلم ان الدي امامك انسان ناجح,1,1,1
استمر و ما عيك بإذن الله توصل هدفك بكل صحه و سعاده,0,0,0
تابعيني باش نقدر ندخلك,1,1,1
و يحفظك حبيبي,1,1,0
يا اجمل وجه مر بذاكرة عمري,0,0,0
مثل هذه النماذج متواجدة وبكثرة,0,0,0
فمي كاياكلني مكلخة اش غادي دير,1,1,1
تواضع منك,0,0,0
شكرا مراكش تحياتي مراكش,1,0,0
نكتة اليوم حلل و ناقش,0,0,0
تبارك الله عليك,1,1,0
ويحكم ماذا تفعلون متأكدين أن هادو لعبو الإقصاءيات باش وصلوا لروسيا فريق دون المستوى,1,1,1
كم حاجة قضيناها بتركها,0,1,0
على الاقل لم يؤيدو النظام المجرم و لم يبعثو بصواريخ و اسلحة كما فعلت الجزائر,0,0,0
باقي مصرة على كلامي,1,1,1
اذا تمكن منك السحر اصبح الامر صعبا هو الان بحاجة لمن يرقيه و يتابع معه حالته لعله يكن سببا في شفاءه,0,0,0
تابعنا من المغرب و البضبط من مدينة كلميم الحبيبة باب الصحراء,0,1,0
إذا كان محاورك جاهل لأساليب الحوار,0,0,0
الاستغباء وانت فاهم كل شي متعه عظيمه,0,0,0
أمي الحبيبة كل عام وأنت بخير سنة سعيدة وكل عام وأنت حبيبتي كنبغيك,1,1,1
الله يغلبك على كلشي ويخليك ل ماماك ربي يطول عمرها ويحفضها ليك ياربي حتى آتكوني كتشبهي ليها فكلشي مين داك الغصين من ديك الشجيرة,1,1,1
اللهم لك الحمد والشكر,0,0,0
قولوا لها تضحك ، حزنها يلوي يميني,0,0,0
كل إنسان سيموت لكن ليس كل إنسان سيعيش فن العيش لا يتقنه كثيرون,0,0,0
اتمنى له السعادة و احافظ على كرامتي,0,0,0
صراحة الانتقام لكن إذا تم الإعتذار فالمسامحة افضل,1,0,0
آلاف الجزائريين في باريس يتظاهرون ضد بوتفليقة,0,0,0
يسمح لينا و صافي,1,1,1
الغالب الله ماعندي ماندير ليك اودي امارادونا مرضتونا,1,1,1
واذا بانت تباسيمك احس اني انا المسرور,0,0,0
دامت ضحكتك حفضك الله ورعاك,0,0,0
تفاصيل دقيقة عن اجتماع لقجع والزيات,0,0,0
بركان كيقدم مبارة جيدة بالتوفيق ليهم,1,1,1
سوء الظن مرض يقتل كل شيء جميل,0,0,0
لابد أن الجميع يبحث عن حل,0,0,0
حسبي الله ونعم الوكيل,0,0,0
المغاربه وجزائريين دايما جايبين لعز,1,1,1
هاد المسألة ديال فصل الدين عن الحياة عجبتني احييك عليها كما اني اراها هي اللي مطبقة ف مجتمعنا بحال الى الناس غير مقيدين بدينهم في حياتهم لو كانو كذلك كنا رأينا النتيجة,1,1,1
رحمة الله على كل آباء المسلمين,0,0,0
ياربي تشفيها,1,1,0
انا لست مثالي لكن على الاقل انا لا اكذب ولا أنافق,0,0,0
اودي نعل الشيطان,1,1,1
انا مجرد خشبة فوق بحر مجهول في مكان فوق اللاشيء تطفوا بدون عنوان اتجاا مجرد خشبة تنمو بعض الضحالب في جوانبها قد تغرقها مع الزمان كل شئ يكبر ويجرها إلى القاع آنا الخشبة فوق اللاشئ تطفوا وقريبا ستغرق إلى آعمق اللاشيء,0,0,0
البطارية لازم تتبدل,0,0,1
ماشاء الله الله يرزقكم من عندوا,1,1,1
الخطوط الملكية تتجه نحو وجهة جديدة,0,0,0
كهف الغار عالم تحت الأرض يستهوي المغامرين في إقليم تازة,0,0,0
علاش جمهور الوداد كاعي على تهراس بعض الكراسي في طنجة وساكت على تهراس بعض الكراسي في فاس,1,1,1
و الله الى جمعنا گاع الموبقات و من يخرج الى شوارعنا في هذه الايام سيرى العجب العجاب,1,0,1
دائما صورته حاضرة بمدرج الكوب,0,0,0
لا مكيجيش معاك القلق,1,1,1
يتطلب الفن المعرفة,0,0,0
داكشي زين تبارك الله و لكن الواحد ينقص من الحلويات و المقليات لصحة جيدة,1,1,1
معك حق كل واحد الله يسهل عليه واحنا معنا الله,0,1,1
ماشاءالله فنانين,0,0,0
أزهى عصور التخلف و الجهل,0,0,0
لا حبيبي حتى أنا أمزح معك,0,1,1
انا انثى بالعشق مغربية شرقية و بالهوى أمازغية عربية,0,0,0
الناس فين و انت فين الكل يغلغل على الفيفا و انت جايبا لينا,1,1,1
هذه هوية الضحيتين المغربيتين في تحطم طائرة إثيوبية,0,0,0
أعمال رمضانية تنتظر الضوء الأخضر والتأخير يربك الحسابات,0,0,0
لسنا منحطين مثلهم و لسنا مضطرين ان ننزل مستواهم الواطي نحن ارفع شئنا من سفالتهم انتهى,0,0,0
لن تجدي رجلا ك أبيك,0,0,0
خلي حياتك فيها الألوان ماشي كحل و بيض,1,1,1
التسجيل الكامل للمحاضرة,0,0,0
صباحك طمئنية و رضى من رب العالمين غاليتي,0,0,0
تحياتي بدعمكم و تربيتكم لاجيال واعية و قادرة على قول لا سنحيا من جديد,0,0,0
الله يسلمك السي رشيد,1,1,1
رواية قمة في الروعة دات طابع ديني بإمتياز,0,0,0
وزارة التربية تشرع في تدريس المواد العلمية باللغة الفرنسية بدون قانون,0,0,0
الشاب رزقي أحمد الله أنني ابتعدت عن الغناء وعلى الإنسان أن يستغل موهبته في الخير وفي ما يرضي الله,0,0,0
وجوه الخير عندي ليكم مفاجأة ليوم شكون بغا يشوفها,1,1,1
من أكبر أخطائه,0,0,0
لا قيمه للجمال اذا انعدمت الأخلاق و هذا حالنا اليوم للأسف,0,0,0
وفي مثل هذا الجو البارد النظر في عينيك دفء تغار منه كل الفصول,0,0,0
يقال أن المانغا ستعود في من هذا الشهر هل الخبر صحيح,0,0,0
من يقف على الحياد بين الحق و الباطل فهو مع الباطل بالتأكيد,0,0,0
أيها الماضي لا تغيرنا كلما ابتعدنا عنك,0,0,0
رماني بالخيانة والكفر واستخدم الدين لتحريض الناس علي,0,0,0
فضل و نعمة,0,0,0
شكون عندو يصيفطها لي شكرا,1,1,1
مالك على هاد تشاؤم,1,1,1
شتيجن احسن من روبيرتو,1,0,0
مادمت تشاهد بسمة أمك فالحياة لاتزال جميلة,0,0,0
هذه هي آخر فرصة لكم,0,0,0
لكن وقت الجد يعرفون من اين تؤكل الكتف,0,0,0
عندما ننصت جيدا نكتشف جمال الطبيعة و إبداعها,0,0,0
انشرو الحب بذل الكراهية والعنف مسائكم الحب جميعا,0,0,0
نتفرج فيه ما نفهم تا وزة و تنضحك,1,1,1
الله يجعل قبره روض من رياض الجنة,0,0,0
وفي ضحكاتنا شيء آرهق القلب وتدوم ضحكتك,0,0,0
إن هجرة وطن حكامه ظلام و مجرمين واجب وطني,0,0,0
إنا لله وإنا إليه راجعون اللهم أرحم والدنا العزيز محمدو ولد الليله برحمتك الواسعة وتجاوز عنه وأسكنه فسيح جناتك,0,0,0
بوجه مكشوف زوج يتعرض لأبشع أنواع الخيانة,0,0,0
الحمد لله مزال الخير في الناس,1,1,1
صباح الخير و أخيرا الويكند الراحة ؤ السياحة نهاركم مبروك,1,1,1
عميد شرطة يطلق الرصاص لضبط شخصين ببنجرير,0,0,0
تشبهين القمر ، ضويتي عمري,1,0,0
عرفت غير تنظحك معاك,1,1,1
بدأت أفقد الأمل في المنتخبات العربية,0,0,0
مرحبا بكم عندنا,0,0,0
الله يجزيك خير,0,0,0
مساء الخير عليكم يااهل المغرب دمتم بخير وطيبين مثل بلادكم,0,0,0
راه ديك الغيرة هي فين بقات و انا شخصيا اؤمن انه ماكاينش حب بدون غيرة,1,1,1
أخي أتشرف بمتابعتك وكلامك الطيب,0,0,0
المسألة ماشي مسألة ثقة بقدر ماهي مسألة ايجاد حل للازمة اللي عايشينها و ايجاد حل للخلاص,1,1,1
وجدت الآرض تتركني وترتفع عاليا، تتعدى قمة رآسي، وتبتعد كثيرا تكاد آن تلامس الغيم، رآيتها ترمي لي بحبال واهية، وتقول لي اصعد إلى حيث أنا لم آعش الحب حتى النهاية، ولا آعرف كيف تكون نهاية الحب، لآن جميع الذين آحببتهم ماتوا,0,0,0
داكشي اللي بان ليا سيادة العمدة,1,1,1
يظن الإنسان منا أنه يعرف من حوله جيدا,0,0,0
صباح الخيرات علي الجميع,0,0,0
واخا ماعرفتوش ولكن باين فيه ولد الناس,1,1,1
بلحسن الوزاني مفكر سياسي دافع عن التعددية الحزبية بالمغرب,0,0,0
جهنم وبأس المصير,0,0,0
الله يصاوب ليكم ليام,1,1,1
حالات مرضية نفسية مستعصية لا يستطيع شفائها لا العلم و لا الفن,0,0,0
نصائح بسيطة لتحقيق أهدافك الصحية,0,0,0
بوركت,0,0,0
بيني معاهم غير الخير و الاحسان الله يحد البأس,1,1,1
كاينة شي ماركة في البشر خاصهم طريحة العصا باش إيفهموك,1,1,1
امممم باين لذيذ، تبارك الله عليكم وخلاص كتقاتلوا مع تمارة والله يعطينا غير شوي صبر منكم لكم مني، كل التحيات والتقدير,1,1,1
رونو تقتني حصة بوجو ستروين في صوماكا,0,0,1
الله احفضك ويسر امرك ختي,0,1,1
مراكش تستضيف أكبر تظاهرة للصناعة التقليدية,0,0,0
لا يجب السكوت عن كل ذلك لكن ما حدث عظيم,0,0,0
الله يخليها ليك,1,1,1
رفقا وحنانا منها,0,1,0
قطر دولة فاشلة,0,0,0
واحد السيد قال الى عجبوكم فاش يتعراو راكم عارفينهم فين يتعراو و سيرو عندهم ماشي تجيبوهم لهاد البلد السعيد و تدمروا فيه ما بقي من اخلاق,1,1,1
ه عارفينك رجل مواقف ا سي العلالي,1,1,1
صدقت اختي,0,0,0
شام شي ريحت البخور هنا,1,1,1
موسيقى رقصة الأطلس عنوان للإبداع المغربي,0,0,0
لك حرية الفهم و التأويل,0,0,0
اه لاحظت وجود الاعمدة الجانبية صفراء اللون,0,0,0
الامور واضحة شكرا,0,0,1
فيسبوك يواجه أكبر عطل تقني في تاريخه,0,0,0
كيف يمكن تحقيق سلام شامل,0,0,0
اضحك يا ابني اضحك بحال الى لقاو الحل راهم يزيدو الطين بلة لا اكثر شعب عزيز عليه الزكير و غ يزيد يقاطع,1,1,1
اجرحوني يوم قالوا لو يحبك مارحل,0,0,0
عن جدارة و استحقاق,0,0,0
رخصت زيت العود غير خليها عندك,1,1,1
فعلا مدرب بلا اي سجل تدريبي يذكر,0,0,0
مبروك للرجاء كأس العرش,0,1,0
سير تنعس الله يتبعك لبلا,1,1,1
مقابلتي معهم تؤكد التزامنا,0,0,0
المرجو من الإخوة العرب والمسلمين تشجيع المنتخب البرتغالي غدا لأن هذه هي الطريقة الوحيدة لضمان فوز المنتخب المغربي وشكرا,0,0,0
أعتقد أن الإحساس الأروع في العالم ليس أن تحب بل أن تطمئن,0,0,0
ليس تصغير ولا حقد فقط انا اتكلم بالمنطق,0,0,0
اصبحنا فعلا اضحوكمة العالم,0,0,0
كلامي لم يتغير من يستغلون الإسلام سياسيا هم من صاروا أكثر كذبا و فحشا,0,0,0
ممساليينش هاد ساعة,1,1,1
نص خطاب ملك المغرب,0,0,0
فليكن قلبك طاهرا نقيا صافيا زكيا تنعم بحياتك كلها,0,0,0
عبقرية المدرب وروعة اللاعبين,0,0,0
اسعد آلله كل ايامك يا رب,0,0,0
صباح البركات,0,0,0
رئيسة المجلس الاتحادي الإماراتي تحل بالمغرب,0,0,0
كلكم قولوا الحمد لله,0,0,0
يمكن القزابري و الله اعلم هو اللي صلى بالملك ف مسجد حسان قبيلة قلت انا و الله اعلم,1,1,1
هي قادرة على احتضان الشعب الجزائري والشعب المغربي مرة واحدة ارجو لها كل التوفيق,0,0,0
تعادل بطعم الخسارة للاسف الشديد,0,0,0
مساء الانوار بروح رياضية,0,0,0
رغم ذلك مقاطعون,0,0,0
بلا مانوصيك اذن الله يداوم المحبة,1,1,1
كلشي كايعرف ويكيبيديا لكن قليل لي كايقرا فيها,1,1,1
أجسام البغال و عقول الدبان,1,0,0
و الله موضوع يستحق نوقفو عندو و علاش بالضبط المعدل طلع و المتعلم مستواه ضعيف اين الخلل حتى الباك قيمته في الخارج نقصت,1,1,1
مايكون معاك باس اخويا,1,1,1
أول إصلاح هو التعليم,1,0,0
وماتنساوش تشكرو هاد ناس لديما عاتقين الموقف باش مانتحرموش من الفراجة شكرا,1,1,1
اغيب عنك وخاطري عنك ماغاب,0,0,0
الله ينورك بانوار النبي اخي الفاضل الحمد لله على نعمة الايمان,0,0,0
تفائلوا فالهموم متل الغيوم ما تراكمت الا لتمطر,0,0,0
كلام عميق و الجوهر اعمق,0,0,0
شبعت ضحك ملي شفتها مكاينش شي لاعب في التاريخ ما زكلش بينالتي إلا واحد و هو لي معمرو تارو,1,1,1
آسفي يكتفي بالتعادل أمام ضيفه الفتح,0,0,0
حتى ذلك الحين ستكون الامور قد سويت سنقاطع موازين و سينبهر العالم و سيخرج عاهل البلاد ليقيل الحكومة و يكون حكومة تكنوقراطية همها الاول ان لا يبقى فقيرا على ظهر البلادو ان تكون مصلحة الشعب فوق كل اعتبار و سيلغى تعاقد البرلمانيين و يعوض الفقراء,0,0,0
الكلام الحسن يصنع المحبة والود,0,0,0
كاع للي عندو شي ختو ولا مو ولا بنتو ماقدرش يحكمها ويكون لها رجل بمعنى الكلمة وبلا كرامة ولا نخوة تتلقاه معقد من المغربيات ويكب نذالته ويسيى للمغرببة في مواقع التواصل امام للي يسوى و للي مت يسواش عزبزي المغربي بدل ما تطعن شرف بنات,1,1,1
اكبر مجتمع خاصو يتعالج هو هذا مجتمع مستهلك كسول خامل مكبوت االمغربيات لي تيموتوا على السواعدة ماشي كلشي هنا الغيورات و العفيفات,1,1,1
في امان الله اختي متنساينيش من دعوات الله يحفظك والله محتاجة شي دعوات من القلب الله يفرج همكم يارب,1,1,1
لا أذكر عدد المرات التي فاجئتني نفسي فيها ببعض الأشياء الغريبة,0,0,0
حب، طمأنينة,0,0,0
أكثر الناس حقارة هو ذلك الذي يعطيك ظهره وأنت في أمس الحاجة إلى قبضة يده,0,0,0
الله يسخر ليك يا حبيبي,1,1,1
علاقات المغرب والامارات ليست جيدة,0,0,0
ضحكي معا راسك رديتينا دبا حنا ضحكة ياااك,1,1,1
هي كذالك اخي الفاضل,0,0,0
للأسف من لم يجد شيئا ليفعله اليوم يصبح مغني,0,0,0
غيري المكان,0,1,0
المعاملة بالمثل تغنيك عن الف عتاب,0,0,0
فواحد القهوة بمجرد تسجيل السطيفية الهدف الاول فرح واحد من اللي مفرجين فالماتش و ناضوا له شي وحدين تكرفصوا عليه عش رجبا ترى عجبا,1,1,1
صباح السعاده أخي,0,0,0
شاركوني بأبيات شعر على ذوقكم،والرتويت للجميع,0,0,0
ثم يأتي هدوء الليل ليثبت لك أن الضجه بداخلك وليست من حولك,0,0,0
اللهم في يوم الجمعة ارحم موتانا رحمة واسعه تطمئن بها أنفسهم وتقر بها عينهم واجعلهم من أسعد السعداء في قبورهم واجمعنا بهم في جنتك,0,0,0
انتي طيبة في أصلك وفية في وصلك رائعة في فعلك,0,0,0
صباح الخير زوينين بون ويكاند,1,1,1
أصدقائي حصلت على الجائزة الذهبية من شركة يوتوب,1,0,0
انها رقم بطاقتي يا اخ,0,0,0
سبحان الذي يسبح الرعد بحمده و والملائكة من خيفته اللهم صيبا نافعا الله ارحمهم وأجعل مثواهم الجنة يارب العالمين,0,0,0
جميع المغاربة عارفين هاد الهضرة لكن كلشي ساكت شخصيا ركبت في تران ديال المغرب مرة وحدة و كان الروطار ساعتين و أنا كنتشمش في المحمدية كن ضربتها رجل كون وصلت حلفت لا ركبت فيهم مزال,1,1,1
الصبر والتقوى أركان الثبات والتوفيق من الله,0,0,0
قد تستطيع تعليم البشر كل شئ إلا الإحساس,0,0,0
ساقرأ عنه لاني لا اعرف عنه الكثير صراحة,0,0,0
كنحييك الله يوفقك ويسهل عليك,1,1,1
عيد مبارك سعيد وكل عام وأنتم بخير تقبل الله منكم ورزقا سعادة وفرحا وحبورا,0,0,0
ريالية و افتخر و نعلي راسي الفوق,1,1,1
حقيقة الناس ليس فيما يظهرونه بل فيما يحاولون حجبه,0,0,0
التغريدة الأجمل,0,0,0
الهروب من البشر وإعداد القهوة على طريقتي في الطبيعة والإستمتاع بآنغام العصافير وإقاع النسيم الذين لا يريدون المقابل سوى السلام مع الطبيعة,0,0,0
زين الدين زيدان يعود لتدريب ريال مدريد الإسباني,0,0,0
سوء تفاهم فقط,0,0,0
بزاف دالناس مكتحسش بالناس,1,1,1
أحيانا نحتاج لمن يشعر وليس لمن يسمع,0,0,0
امين ياربي ربي يحفظك,1,1,0
صرف تعويضات الأعمال,0,0,0
لا آجيد الكتابة عن الآم فلا آحد يستطيع وصف جزء من الجنة,0,0,0
ملي تشوف هاد التصرفات عرف الجهل مزال في المغرب,1,1,1
بارك الله فيك غاليتي,0,0,0
هذا من لطفك و نبلك غالتي و نتي أطيب و معدنك ذهب صافي يا بنت الاصول,0,1,1
هو مازال ماعندوش الامكانيات باش يكون مدرب لفرقة كبيرة بحال الراجا,1,1,1
بعد دقائق فقط يبدأ البرنامج شكووون راهو متحمس,1,1,1
امين ياربي ويحفظ الجميع,0,0,0
بني على باطل ولذلك فهو حتما سيقود إلى باطل,0,0,0
الله يجعلنا من الفائزين آمييين يا رب العالمين,0,0,0
اللهم صلي و سلم على نبينا محمد صلى الله عليه و سلم,0,0,0
شارع واحد، وجانبان,0,1,0
كوني كالفرس الأصيلة لاترضخين بسهولة وإن صادقتي شخصا فآنت الوفية النبيلة رمز القوة آنت وصاحبة الروح الجميلة من عرفك لن ينساك ولن يجد لك مثيلة,0,0,0
واش حتى المتقاعدين لي مشاركين فالاضراب اليوم حتى هما غادي تقتاطع ليهم الحكومة,1,1,1
الله ياربي,0,1,0
عندما يتشابه الجميع بالحب أتميز أنا بعشقك,0,0,0
و لكم أن تعتبروا يا أولي الألباب,0,0,0
دراسة سيادة الأحقاد والعنصرية بمدارس أمريكا,0,0,0
في بسمتك نور من الفجر مسروق,0,0,0
اللهم امين مشكور,0,0,0
الله يحفظك و ينورك,1,1,0
حنان الام ليس له متيل,0,0,1
أصعب هو تبقا في بلادك حاصل متعرف ما دير,1,1,1
المهم من هادشي احبكم بلزاف بلزاف يا مغردين,1,1,1
اواه لو تدرين عن بعض الحنين و الشوق لا منه تجبر و افترى,1,0,0
تم يارب توفيقك,0,0,0
صوم مقبول وافطار شهي,0,0,0
اللهم قوي ايمانك,0,0,0
مزال دعاوي لمغاربة راهم كيخرجو فيه,1,1,1
الخيبه ٱن ادير ظهري ل الكل من ٱجلگ ولا ٱجدگ,0,0,0
سنلتقي يوما ما ربما قريبا سنترجم ما كتبت لنا الأيام على الأرض الواقع من جديد,0,0,0
الله يفرح قلبك سومية انشاء الايام طويلة غنتلاقاو في ساعة خير,1,1,1
وهذا ما لاتريده الحكومة وهو التنازل,0,0,0
النوم يعتبر نوع من انواع تجديد النفسية,0,0,0
لا يوجد كفائات بالمغرب قادرة على ادارة هكذا مشروع,0,0,0
خدمة رديئة فقط الإشهارات بدون جودة,0,0,1
وثائق الإدارة أمام المواطنين الوصول إلى المعلومة يدخل التنفيذ,0,0,0
هل من جديد في الافق فناننا المقتدر,0,0,0
كلام في الصميم,0,0,0
وياه حتى انا بحالك فاش سمعتها تصدمت,1,1,1
و ايييه اللي مولف الجماعة يجي نهار يبقى بوحدو يحس بالفرق خصوصا اني لست من محبي التلفاز اثناء الاكل,1,1,1
صافي,1,0,1
عفوا مرحبا,0,0,0
عندي ميول لامريكا اللاتينية دبا نشجعهم واحد بواحد هادوك رعاة البقر القتالية و الكورة ديالهم بوحدها,1,1,1
الله يستر عاقبتنا خير خويا,0,1,1
الفرقة اللي يجي بسم الله شكيت فهاد الكلمة فالاول و انتقدتها لكن دبا عاد عرفت لاش قالها و علاش,1,1,1
تنقول لمغاربة فين غابرين اليوم,1,1,1
تحياتي المتبادلة استاذ,0,0,0
ها علاش إخواننا المصريين يقولون الله على أخلاقك يا فخر العرب,1,0,1
انا كنشجع الكرة معنديش مشكلة مع اي فريق وان يكن من مدغشقر يلعب كرة ممكن اتفرج فيه ولي كيقولو برشلونة مدريد الخ لا يعرفون كرة القدم,1,1,1
المغرب قريب من تفقير شعبه,0,1,0
الحمد لله نسأل الله أن يمدنا بالقوة والعوض الجميل,0,0,0
ترفع اخويا و ماتخليش الاعداء ياخدو علينا ممسك راك فاهم,1,1,1
روعة و جمال الطراز المغربي يقطع الأنفاس ويسحر العقول الراقية,0,0,0
لاتنام قبل أن تقول اللهم آجرني من موت الغفلة و تأخذني من الدنيا إلا وانت رآض عني,0,0,0
فرصة نفاق كبيرة راحت عليهم,0,1,1
فوقاش ماتش راجا,1,1,1
ولله الحمد والمنه,0,0,0
يعطيك العافية يا علي,0,0,0
سمحي لينا نتي مانعاودوش,1,1,1
الجو زوين,1,1,1
احذر عدوك مرة وصديقك ألف مرة,0,0,0
عمق علاقتك مع أطياف المجتمع شريطة انتقاء أهل الصدق والأمانة تستطيع أن تحقق نجاحا متواصلا في شتى الميادين,0,0,0
انتم إلى الروح آقرب,0,0,0
يسعد صباحك و كل اوقاتك يا طيب,0,0,0
الحاقد يفرح بخطئك ويسيء الظن بحسنتك فلا تنتظر منه شكرا ولا تأمن منه شرا,0,0,0
يا مسهل,0,0,0
علاش نتا ما عندك بيهم غراض يمكن نعرف السبب,1,1,1
مشات فيها الرجاء للأسف,1,1,1
سورة الفاتحة سورة الكهف سورة فاطر,0,0,0
سلا عاصمة التسامح,0,0,0
كذب قطر وافترائها على السعوديه اصبح مكشوف الان,0,0,0
اللي وراء هاد المهزلة متمكنين في البلاد و اي خطوة راك عارفة المآل لكن اقول لازم من التضحية للوصول لاي نتيجة اما مسألة واش يتافقو ولا محايدين ضروري هناك ناس اللي غا تضحي با,1,1,1
المساواة بدعة و كل بدعة ضلالة,0,0,0
اقتلوا الخوف بداخلكم و لا تنتظروا أن يرضى عنكم الكل,0,0,0
الظلم القسوة,0,0,0
لا شمس اشرقت و لا قمر منير,0,0,0
و الله افضل دول شمال افريقيا و دول العمق الافريقي المسلمة على دول الخليج,0,0,0
مرورك اروع اخي الكريم شكرا,0,0,0
هناك من يعتبر نفسه نازل من الجنة لا حديث و لا حرج عليه,0,0,0
الله يفرحك الله يفرحك الله يفرحك,0,0,0
هذه القدس مهد الأنبياء تلعنكم لعنة طول الأزل تلعنكم باسم كل الديانات السماوية وجميع الرسل تلعنكم باسم الشهداء,0,0,0
الله يلعنها بوها قاعدة فيك ارونار,1,1,1
هذا اشرف من الف فنان يملؤون الدنيا,0,0,0
داود يؤرخ النزاهة في تطوان أغراس وطرب و حلويات بأتاي,0,1,0
الهدوء التام,0,0,0
القضاء يطوي ملف ناشطة إسبانية تؤازر المهاجرين غير النظاميين,0,0,0
في حسنها تشهد لها حتى السماء,0,0,0
انتي تعرفي,1,0,1
تماما الله يكملك بعقلك,1,1,1
كرة القدم اخترعت لتلعب بمثل هذه الطريقة,0,0,0
اللهم اغسلني من الذنوب ، و طهرني من العيوب ، و امتحن قلبي بتقوى القلوب يا مجيب السائلين,0,0,0
اسمحيلي اذا ازعجتك أختي الغالية,0,0,0
كما هناك زهور بلا عطور هناك طيبون بلا حظ,0,0,0
تنتسناك تدير لينا سبورة و الطباشير وتعلمنا نتهجاو,1,1,1
امين يارب العالمين و نت الله يغنيك من نعيم الدنيا و نعيم الاخرة يا رب,0,0,0
اللهم اعنا علي ذكرك وشكرك وحسن عبادتك,0,0,0
شكرا خاي هذا المأمول و نتمنى خيرا,0,0,1
من نساك انساه,0,0,0
اللهم اكفه بركنك الذي لا يرام واحفظه بعزك الذى لا يضام واكلأه في الليل وفي النهار,0,0,0
أنا شخصيا غير موافق,0,0,0
هادشي فتسعينات فاش كانت تتجي الساعة الاضافية ف شتا,1,1,1
لمن نشكو حالنا مع هؤلاء الظالمين,0,0,0
رأيى هو أنا التطرف ينمو بسبب الأنظمة العربية العميلة,0,0,0
الحمدالله على كل حال,0,0,0
اللهم بارك,0,0,0
تسلمي لقلبي,0,0,0
هاد السيد كنقدرو و كنحتارمو على الخدمة ديالو بالنسبة ليا من أحسن الناس لي كيديرو الحلاقة و الموضة زوروه وماغاديش تندمو شكرا جمال أكبر تحية ليك,1,1,1
ربي يخليك الله يكبر بيك,1,1,1
العرب اخوة دا حلمنا طول عمرنا,1,0,0
شكرا الله يجعل ايامك كلها سعادة,0,0,0
بزاف هاد الفيلم,1,1,1
اعلم و انا شرحت الموقف فقط,0,0,0
ممن كان سببا في فتنة المؤمنين و المؤمنات و دحرجتهم عن طريق الحق,0,0,0
نعم وجهة نظر تحترم,0,0,0
الله يجيب شيفا,1,1,1
أنا شخصيا تفرجت في قتاة أخرى غي على حساب المغرب لي تفرجو في هادو,1,1,1
التافه هو انت,0,0,0
صباح الخير عيدكم مبارك,0,0,0
هدا الكتاب سبق لي ان رايته,0,0,0
من هنا أتابعكم,0,0,0
يا أيها المضللون اتقوا الله,0,0,0
هذا ما عطا الله,1,0,1
هادشي اللي واقع ليا مع واحد,1,1,1
أختي الصغيرة الحبيبة تسلم عليكم في طريقها للمدرسة,0,0,0
في نظري تصرفه غير لائق تماما,0,0,0
في عيد المسيحيين أخبار صادمة,0,0,0
الاعتذار يزيدو فراسو لهلا يسعدو,1,1,1
هذا ماشي زواج و لا نعترف به كزواج انما الزواج على سنة الله و رسوله اما هذا راه غ لعب الدراري,1,1,1
ياسنة سودة,0,0,1
وقتاش بدات هاذ الحصة آخر من يعلم كي العادة,1,1,1
لعلها تكون ساعة الإجابة,0,0,0
هذا سهل إن لم تكن موظفة لن اتزوج,0,0,0
ماشي لخاطرك راه راك عايش في المغرب,1,1,1
حنا ما داخلين في اللعبة,1,1,1
احبك مهما كان الرد,0,0,0
الله يسمح ليك نتا تفول هاد الهدزة,1,1,1
لا تحزن على من تغير عليك فجأة فقد يكون اعتزل التمثيل وعاد إلى شخصيته الحقيقية,0,0,0
ربما يكون خطأ شائع لكن الهدف منه الدفاع عن الاسلام لان من يقتل ويفجر يفعل ذلك باسم الاسلام ناهيك عن عدد المنظمات المتطرفة التي تدعي الاسلام والاسلام بريء من كل هذه الافعال والله اعلم,0,0,0
الأساتذة المرسمون يشلون المدارس ويلتحقون بإضراب المتعاقدين,0,0,0
فضيحة وزارة التعلم العالي المغربية وبرنامج لوحتي,0,0,0
وحق الله أتاي حسن منهم بجوج,1,1,1
لعنة الله على المحكرين,0,0,0
بصحتك,1,1,1
التعليم في البيت ثم المدرسة,0,0,0
تسلمين أنت نبع الذوق والرقي,0,0,0
سبحان الله وبحمده عدد خلقه ورضا نفسه وزنة عرشه ومداد كلماته,0,0,0
طحت ف واحد المسلسل مصري واااعر ديال هاني سلامة فارس احلام الطفولة,1,1,1
أخطي خطوه و أنا أخطي لك عمر,0,0,0
مزال الخير,1,1,1
فإنه رأى جبريل مرتين في صورته التي خلقه الله عليها ، وقد دلت النصوص على أن البشر يستطيعون رؤية الملائكة إذا تمثلت الملائكة في صورة البشر,0,0,0
المهم ما تخلي على جهدك والو ف سبيل اسعادهم و تعويضهم هدك فترة و ستمر و سيعرفون بقيمتك حينها,1,1,1
داكشي ارزاق معندك مادير,1,1,1
يعني رأفة بالموقف,0,1,0
كوني هانية,1,1,1
اخترتها طواعية لم أجد يوما نفسي في بلدي,0,0,0
تأجيل انعقاد مجلس الحكومة إلى تاريخ لاحق,0,0,0
ما تفكر فيه ان تنفذ منه و لو جزءا قليلا,0,0,0
هنالك ما سيفرحك يوما ما تفائل و ثق بربك,0,0,0
صورة ممتازة,0,0,0
كلمة حق في حقنا قهرت لهذه الدرجة,0,0,0
حبابي توحشتكوم شكون كيتسنا الجديد,1,1,1
العفو اختي ارضاء الناس غاية لا تدرك,0,0,0
اظهر للحياه الف سبب للسعاده وابتسم ابق قويا,0,0,0
امين ستمر هذه المعاناة,0,0,0
تبارك الله ماشاء الله الايام دغيا دازت وتقاد معاك الله يخليكم البعضكم ياربي,1,1,1
ان شاء الله غيمة سوداء وتمر باذن الله و يعود لكم سالما مشافى وليست على الله بصعبة اللهم يا الله اشف عبدك و امده بالقوة والصحة,0,0,0
تمامآ أخي الكريم,0,0,0
اسيدي معندي منتسالك,1,1,1
بدون اذن مسبق,0,0,0
لاعبة كرة قدم تشارك بتمرينات فريقها وهي حامل,0,0,0
كفار قريش سابقا و آل سعود حاليا,0,0,0
علينا و عليك شكرا,0,1,0
ما ضاقت الأرض إلا بالذنوب و ما إتسعت إلا بالإستغفار,0,0,0
نعم صحيح قصدت صعبا على الشخص المصاب لانه لا يعلم و لا يدري ما يفعل اما ان كان من ياخذ بيده و يذهب به للراقي ليكون سببا في شفاءه فهذا جيد و الله هو الشافي,0,0,0
هاذ الغبي يصر دائما ان يخرب ما بناه بيديه,0,0,0
هاد المسألة شفتها ف الفوج ديالي اللي مشا للتعليم همهم الاول هو الماندا اما التلميذ يقرا و لا ما يقرا شغلو هداك خصوصا بعد الاحداث الاخيرة ضد الاساتذة من ضرب و سب,1,1,1
أحبك لو تحب غيري وتنساني وتبقى بعيد,0,0,0
وقت لي بغيتو و انا لي عارضة عليكم,1,1,1
صراحة عمرني سمعتها و لكن غنسمعها باش نعرف علاش فكرتك,1,1,1
جسد متعب وعيون ناعسه ومزاج سيئ,0,0,0
لدينا هدايا مجانية رائعة من أجلك,0,0,0
ما على بالي والو,1,1,1
السلام عليكم ورحمة الله اللهم ياعالم السر والنجوى ياكاشف الضر والبلوى نسألك أن تفتح لنا أبواب الخير والتيسير وتسد عنا أبواب الشر والتعسير اللهم تسلمنا إلى عدو يؤذينا، و إلى شيطان يردينا ويخزينا، وأرزقنا اللهم رزقا حلالا يغنينا، وأبعد عنا شر ما يؤلمنا ويؤذينا,0,0,0
ليت الثواني بشوفتك تصبح سنين,0,0,0
واييه,1,1,1
اقول بخير ويصيح جرحالجفا كذاب,0,0,0
و لك الاجر,0,0,0
نافاس رجل المقابلة بإمتياز,0,0,0
جميلة بشكلها شيء يبعث على الجمال وبس,1,0,0
الله يعطيك صحة,1,1,1
اتفق معك الى حد ما لكن من يقودون هده الحملة الان ليسو امييين بالعكس اناس مثقفون يرون فيها الحل الامثل للتعبير و اقول للتعبير عن عدم رضاهم عن واقع المعيشة في البلد هم لا يمسون لا بمقدسات الدولة لا باقتصادها لا و لا و لا,0,0,0
ماشاء الله جمييلة,0,0,0
تفكروا ناس الخير فحياتكم و لو برحمة,1,1,1
الاخلاق هي كولشي حتى نتي,1,1,1
تماما نسأل الله من لطفه,0,0,0
صحيح شكرا لمرورك,0,0,0
لو سألتكم عن افضل كاتب قرأتم له هل من نصائح,0,0,0
يا ابن آدم اصبر ولا تتسرع فولله ليفرحنك ربك,0,0,0
كل شيء ممكن بالدنيا وكل شيء على ربنا هين,0,0,0
لا ضريفة هادشي لي خارج عليا نيت صباحك مبروك,1,1,1
ما عرفت ما نكتب و لكن غا نكتب و صافي باش هادشي يبقى هنا للذكرى,1,1,1
عزة هجر ياصاحبي ولا منة وصال,0,0,0
كانت شمعة تنير ظلامي وكما تعلمون الشموع لا تدوم طويلا,0,0,0
انا كنحب الخير لجميع الانسانية احب سلام,1,1,0
بارك الله و فيك اخي و لكم كامل احتراماتي,0,0,0
حنان الام هو الامان الذي نستمد منه القوة التي نتغلب بها على صعاب الحياة عندما نحرم منه نفقد العزيمة و تنعدم لدينا الرغبة في لذة الحياة الله المستعان,0,0,0
كثره آخطأي آوقعتني في حب ساقطة لا تريد الزواج لآجل ما يحلو لها آما عن الآشياء التي تسعدني هي لا تعرف عنها شي كل ما تفعله هو الخيانه والكذب وكل ما هو سيء الحمد لله ياربي فضح الآمر وانتهى كل شي فلتفعلي ما تريدي مع آمثالك كثير ما يحب هذا آما آنا لا حسب الله ونعمه الوكيل,0,0,0
الشعب الياباني الشقيق بعد الإسلام,0,0,0
روح يا ارق روح,0,0,0
رفض عرض الكفار وقبل عرض المسلمين الله على اخلاقك يا بنعطية,0,0,0
لعنة الله عليه,0,0,0
حزن يردك إلى الله ، خير من فرح يبعدك عنه,0,0,0
صادرات الشركات المغربية,0,0,0
اودي تنظن أن الهزالة لي دارت هادشي و الردائة,1,1,1
ملخص كامل للمبارة,0,0,0
الله يبارك فيك آلعزيز تفكرتينا,1,1,1
ايييه للاسف,1,1,1
مابعد حسنك كلام وماقبل وجهك غزل,0,0,0
لا تربط ذاتك بأحد,0,0,0
لا يستحق ان نولي له اهتمام لهذه الدرجة تمت من يستحقون للاهتمام اكثر منو بالف درجة,1,0,0
ااه قرأتها كاملة و اعجبتني,0,1,0
لازم من انتفاضة بحال هاد المقاطعة هي اللي غ ترجع فينا بصيص من الامل و لو القليل المهم المحاولة الى ان يحين اجلنا,1,1,1
غير الدنيا لهلا يخطيك,1,1,1
بقا نتا تسنى من الدولة و عباد الله تعاني و ملي ينوضو يطالبو بحقوقهم يخرجو لهم هادوك اللي شبعانين يقولو لهم بغيتو تردونا بحال سوريا راه هاد اللامبالاة و التفرقة اللي بيناتنا هي سباب فشلنا كل واحد راسي يا راسي مجرد رأي,1,1,1
سمعت باللي مات شي حد بسبب هاد المفرقعات و الله أعلم,1,1,1
منطقي داكشي,1,1,1
و مساءك ود و تقدير,0,0,0
عندما تعامل الناس بنفس اسلوبهم ستصبح انسان سيء في نظرهم,0,0,0
تسلم أخي بارك الله فيك تحياتي,0,0,0
يستحقها تصرف غير ناضج حرمه من التتويج القاري ربما يكون درسا حتى يكف عن هذه التصرفات ويركز على مستواه مع الاسف,0,0,0
وي واعر بزاف,1,1,1
الفراغ سبب الوساوس و هو من ابواب الشيطان على الانسان لهدا وجب العمل على ملئه,0,0,1
واييه الجهل نور,0,1,1
علاش مقروناش بحال هاد لخير,1,1,1
صافي واخا,1,1,1
و عليه السلام نعم القرار هو هذا,0,0,0
غياب العدل فى وطنى يبشر بانفجار غضب بركانى شعبى,0,0,0
حتى انا,1,0,1
طموحي كبير و نظرة العين فالقمه أناظر نجوم تحلم الناس توصلها وصلت السما بالعزم والصبر و الهمه و أنا خطوتي هذي إلى الحين بولها,0,0,1
عش لنفسك عش لشغفك عش لهدفك قاتل و كافح من اجل نفسك و من اجل احلامك الى متى سوف تبقى قلق كيف يفكر الناس فيك,0,0,0
فاشلين الى ما لا نهاية,0,0,0
رابط بث مباشر من الأس للإحتفالات بجودة عالية,0,0,0
واشنو سميت هاد الاغنية ارجاويين عييت نقلب,1,1,1
الله كلام قمة في الروعة,0,0,0
المغرب تسحب سفيرها من السعودية المغرب توقف مشاركتها مع السعودية في غزو اليمن,0,0,0
البث المباشر للبرنامج هنا,0,0,0
دمت طيبة,0,0,0
خبر حزين للأسف,0,0,0
عبقرية,0,0,0
كيف يمكن الحصول على البطاقة,0,0,0
علاش بلوكاك,1,1,1
قول قصورا فكل مدينة,1,1,0
انتم احقر قناة في العالم,0,0,0
أعلن الرئيس الجزائري عبد العزيز ، المنتهية ولايته، اليوم الإثنين في رسالة وجهها إلى الأمة، عدم ترشحه ل كما قرر تأجيل الانتخابات الرئاسية التي كان مقرر لها في أبريل المقبل,0,0,0
شرح صعب باش نوصل ليك المعنى الحقيقي,1,1,1
اللهم صل وسلم على سيدنا محمد,0,0,0
التغيير مؤلم جدا حينما تتغير قلوب كنت تعتقد أنها الجزء الآخر منك، حينما تختلف نظرتك لشخص كنت تظن آنه لن يتغير يوما ما,0,0,0
لا تتحدى إنسانا ليس لديه ما يخسره,0,0,0
تحية لكاتبتنا,0,0,1
تمت اقالة وزير الاقتصاد و المالية بوسعيد من الحكومة,0,0,0
تقريبا,0,0,0
هناك ما يسمى بانجذاب الارواح تقدر الواحد ما تعرفو و لكن تشوفو ترتاح ليه قبل ما تتبادل معاه الحديث وهناك العكس سبحان الله,1,1,1
جاوبتك من انطلاق حبك للتعنيف الاسري,1,0,0
و الله حتى تنخافو منه و ما تنختفوش من رجال,1,1,1
تجرح اللي يحبك والله أنه قهر,0,0,0
والعسر مهما قسىفاليسر يلحقه وعد من الله وهذا الوعد يكفينا,0,0,0
تعثرت ، فسجدت ، فدعوت ، فأقامني,0,0,0
نسأل الله أن يرد كيدهم في نحرهم مجرمون,0,0,0
من لا يقدر وجودك لا تعظم غيابه,0,0,0
طيب الحين متاكدة انك عرفت علاش متعصبة منك لانك غير محترم تدخل على تغريدات الناس و تقلل احترامك لكن الوقاحة عنوانك,0,1,1
يا فرحة أمك بيك,0,0,0
مكنحملش شهر جوج عندي فيه ذكريات خايبة بزاف,1,1,1
محمد السادس سيلغي موازين اذا شاهد هذا الكليب,0,0,0
علمتني أن الحبيب دايم حبيب مهما هجر,0,0,0
اللهم آمين,0,0,0
جميعهم لا قيمة لهم عندي ان لم يكن الحب هو الرابط,0,0,0
تحية اجلال و تقدير,0,0,0
لا أظن أنه يوجد ما يعبر عن التزامنا به,0,0,0
قمة العبث,0,0,0
اللهم آميين,0,0,0
اللهم ما ، ة ترد، و لا,0,0,0
صفي نيتك ومتخليش الأفكار السلبية تلعب ليك على العقلية ديالك,1,1,1
هي ليست بقلمي لكن اردت ان انشرها لكي يرو الناس هذا المضل,0,0,0
تفعيل دور المرأة في الحياة السياسية موضوع مهم جدا بالنسبة لي,0,0,0
الصحافة ليست جريمة لكنها اصبحت تجارة,0,0,0
لا أحكم على الأشخاص في حالة غضبهم لكني أصدق الذي يقولونه وقتها,0,0,0
الأهمية التي نوليها للآخرين تظهر حتى في أدق التفاصيل,0,0,0
القلوب الراقية قلوب منغمسة في الطهارة والعفاف قلوب نفخ الله فيها روح الرشاد والايمان قلوب وضعها الله بين اصبعيه فنسئله سبحانه ان يحفظها من الزيغ والهلاك,0,0,0
سواء كنت ناجح أم فاشلا الناس سيتحدثو عنك بسوء فلا تبالي لأن الناس لم جدو عيبا في الذهب فقالو بريقه يتعبو العيون,0,0,0
باش ما يتغالطش ليهم,1,1,1
لكم الله يا أهل فلسطين,0,0,0
الله يكثر خيرهم,1,1,1
بخير الحمد لله سيد الحاج,1,0,0
يوصلون افكارهم لشكل الفريق بطريقة اقل ما يقال عنها انها عفنة وفاضحة,0,0,0
جزاك الله خيرا اختي الكريمة,0,0,0
الأغاني القديمة لها طعم خاص,0,0,0
خليهم يحكو عن هدفك يا كوتينيو,1,1,1
تبا و بئسا و خزيا,0,1,0
مسلسل جديد من الصراع والتصريحات النارية بين ءال عيوش وءال الحدوشي وجماعته,0,0,0
لا استطيع ان اجعل احدا يكرهني او يغضب مني يجب ان اراضيه بأي طريقه,0,0,0
أنا اعادى الأفعال السيئة,0,0,0
صافي ما بان ليك غ الباذنجان الالا الله يكثر خيرك حتى نتي معاهم,1,1,1
احسنت يا صافية القلب يا الأصيلة,0,0,0
الانجار الوحيد لي حققتيه وخصك تفرحي بيه حياتك كاملة هو انك عرفتيني,1,1,1
كنبغي موسيقتي رغم الصعاب والعراقل لي كندوز غادي نكمل ونكافح وإنشاء الله بيكم نتوما غادي نوصل كنتمنى تكونو فجنبي أحبكم يا أغلى الناس,1,1,1
الله يشافيك يارب,1,1,1
أسبوع إلى عشرة أيان ويكون بأتم الجاهزية,0,0,1
ربي يحفظك خويا ويكثر من امثالك ماتوصيش حريصة راه تبارك الله عليها انسانة بعقل راجح وشخصية رزينة وقلب بريئ ابيض اشكرك على كلامك الرائع واتمنى من الله ان يكتب التوفيق ويكرمك ويرزقك من واسع ابوابه,1,1,1
حالنا يرثى له اصبت و الله,0,0,0
هذا مايكون غير داك العفيريت ديال الجن العاشق,1,1,1
تقبل الله طاعتكم ، وكل عام وانتم بخير,0,0,0
من عرفه فليدعوا له بالرحمة,0,0,0
في ظل انتشار مرض في احب أن أنصح الجميع بارتداء الكمامة الطبية واستعمال معقم اليدين بشكل دائم خصوصا عند السلام او استعمال شيء عمومي انصحوا بها الجميع حتى نحد من خطورة المرض فالوقاية خير من العلاج أتمنى من الله أن تنتهي هذه الغمة بأسرع مايمكن,0,0,0
كرواتيا تبقى افضل منتخب لحد الان ف المونديال و العديد يرشحونهم للفوز باللقب,0,0,0
شوفو الأناقة يا ناس,1,1,1
آحيانا يآتينا شعور يجعلنا فقط نراقب العالم بصمت ولآ نحدث آي ضجة ولآ آي آثر و نعيش مرحلة تآمل تآمل عميق لآ آكثر,0,0,0
زمن الطيبين,0,0,0
تغافلنا كثيرا ، و ظنوا أننا مغفلين,0,0,0
صباح النور وفاء,0,0,0
آش داني علاش مشيت نتفكرو أيام زمان,1,1,1
جميلة واصلي,0,0,0
دكتاتور لعنه الله مجرم,0,0,0
أغلب مذيعي قنوات العار,0,0,0
بحيرة أكلمام أزكزا تعاني في صمت رهيب ولا من يحرك ساكنا,0,0,0
الموضوع زوين,1,1,1
اسعد آلله صباحكم جميعا,0,0,0
خل املك في الله كبير,1,0,0
ربي يكبر بيك آحلى ناس الناضور كلنا إخوة,1,1,1
أحسن ماقلت,0,0,0
لاش كتكبر لاش هضر معانا بالدارجة,1,1,1
الله يسمح لينا منهم,1,1,1
الجيش يستعيد كعواش واليوسفي قبل لقاء خريبكة,0,0,0
الرضى الرضى ربي يطول عمرها وتشوفك كيف تمنات يارب,1,1,1
علامة الرضى,0,0,0
الحكومة الكذابة ما أرفضه هو القمع والعقاب الجماعي كفاية كذب وخداع للنفس,0,0,0
صافي خلات على مراكش غدا نسمعو كوارث طبيعية,1,1,1
نسيت تقول ان شاء الله,0,0,0
حوادث السير بالمدن سقوط قتيلا في أسبوع,0,0,0
الى الامام سر,0,0,0
الصراحة,0,0,0
ابن سلمان طاغية دولي و السعودية وصمة عار على الإسلام فكروني بالدكتاتور الحسن الثاني المغربي,0,0,0
احساس فظيع لما تشوف جثة الشبان المصريين المعدومين و الكارثة هي لو كانوا مظلومين,0,0,0
و أنا ليست غبي لدرجة تجاوز المنشور دون الرد عشرتنا قوامها سبع سنوات اللحمد لله,0,0,1
منا و منكم صالح الاعمال,0,0,0
لا يمكن تهميش العمل الكبير الذي يقدمه,0,0,0
تطوان الجميلة,0,0,0
هذا لذوقك الرفيع و كرمك تحياتي,0,0,0
السعيد من اسعده الله,0,0,0
اعوضكم الله خيرا,0,0,0
الله ينصرهم على الحق,0,0,0
انت من عطايا الله الحلوه انت العوض عن كل ضيق وحزن,0,0,0
حتا حنا كنكتبوه وبتفصيل وخا مكنعرفوش نحسبو بيه,1,1,1
حيت البارح شفت واحد الفيديو د ميدي كيروجو للمهرجان بلا حشمة بلا حيا زعما ضد فالشعب,1,1,1
صح بدنك نوني و انت منبع الذوق كله و لست اقل مني طيبة يا إبن الاصول,0,0,0
بعدد حروف القران ادعو ربي ان يبارك لكم و ينالكم مرادكم و ينير قلوبكم,0,0,0
قررت اليوم ان اكره كرة القدم و الى الابد,0,0,0
هذا مما لا شك فيه و الدليل انهم تخالفوا مع الكفار المجرمين,0,0,0
الحكومة تصادق على تعيينات في مناصب عليا,0,0,0
الاجابة تتلخص في الأفكار التالية,0,0,0
الله يعاونك,1,1,1
الله يحفظك خليل,0,1,1
شكرا يا كبيرة,0,0,0
بعد ظهوره في فيديو وهو ينظف حمام مسجد في مدينة ليفربول الديلي ميل إلإنجليزية تتسائل مالذي يدفع لاعب يتقاضى ألف باوند إسبوعيا في تنظيف حمام مسجد الجميل إن الإجابة جاءت منهم إنه الولاء للإسلام الكثير يسئل عن الإسلام ويريد أن يعرف مالذي يدفع مليونير لتنظيف حمام مسجد,0,0,0
الحصول الله يهدي ما خلق كيبان ليا غنسمعو العجب العجاب فهاد الموضوع,1,1,1
ربي يحفظك لي و مايحرمني منك,1,0,0
اهلها الله علينا بالامن و الامان و السلامة و الاسلام و اليمن و البركات,0,0,0
جمعة طيبه بذكر الله,0,0,0
فاقد الشيء يتحدث عنه كثيرا,0,0,0
الأوقاف تطلق ثاني مرحلة لدفع واجبات الحج,0,0,0
المسألة خاصها تدبير من الشرفاء الاخيار,1,1,1
كرة القدم جميلة باخطائها و تقنية الفيديو ستفقدها جماليتها و اثارتها,0,0,0
اليست اقدرانا مكتوبة فلماذا لا نمشي بهدوء,0,0,0
جميلة بقدر قلبك,0,0,0
في المغرب من الممكن ان تشتري صندوق بهذا المبلغ,0,0,0
على الله غير نقراو,1,1,1
على الأقل لن ننهزم ب لصفر يافشلة,0,0,0
ليلة سعيدة أحبكم,0,0,0
شكون يقدر يستغنى على محبتكم للي ماليهاش ثمن كبودتي الغالية,1,1,1
شردو اطفلها وقتلوا رجالها,0,0,0
نسأل الله السلامة,0,0,0
و لكن الام صاحبة الرضيع تبدو قروية ام انني مخطئ,1,0,0
فقط في المغرب,0,0,0
لقطة الهدف الثاني كان رائع صنع هدف من لاشئ,0,0,0
واجب عيد وطني,0,0,0
مجلس الكونغرس غادي يفرض عقوبات كبيرة على السعودية,1,0,0
يوم جميل مع عائلتي الجميلة نهاركم مبروك,1,0,1
الفقسة,1,0,1
يمر اسمك ولا أقدر أخبي بسمة اعجابي,0,0,0
حافظ على الشخص الذي يطمئن عليك دائما,0,0,0
تحولات وتغيرات لابد أن تحدث ماذا ربحت السعودية من سنوات الفكر المتشدد والمتزمت,0,0,0
عندما تكون مع الشخص المناسب لا تضطر لأن تجتهد لإسعاد نفسك وإسعاده، الأمر يحدث بشكل عفوي,0,0,0
علي الجميع يارب,0,0,0
سوف افعلها و سوف تندمون,0,0,0
مرحبا بيك و بطريق للي تاخدك عندها غاليتي,1,1,1
هنااا حطييت لجديد,1,1,1
وهبي البام سيقود الحكومة المقبلة والسياسة رقصات أرانب,0,0,0
الله يهدي ماخلق والله وحتى انت بقاي تغربلي فالبشر وعرفي معامن,1,1,1
انت الاجمل شكرا,0,0,0
نظرة حزينة تحكي الكثير ربما تعبير عن سنين من الكفاح و المعانات او ربما حصرة على ايام ولت من عمر افنتها في سبيل من نكر الجميل,0,0,0
البرد قتلنا والصهد قتلنا لا حيرة مع الله حبوبة,1,0,0
استغفر اللہ الذي لا إلہ إلا هو الحي القيوم و اتوب إليہ,0,0,0
عندما يكون طموح انسان انحطاط للأسف,0,0,0
قل هو الله أحد الله الصمد لم يلد ولم يولد ولم يكن له كفوا احد,0,0,0
نرجو الدعم مشكورين,0,0,0
الله يرزقك بتحقيق كل ما تتمنى يا رب,0,0,0
العقل البشري لا يمكن لأي جهاز متطور أن يحاكيه,0,0,0
أسوء من الأرق أن تنام وفي قلبك كلام,0,0,0
حرام و الله تنتشر السرقة و النهب خرب الامان,0,1,0
للأسف ماعندي ماندير ليك,1,1,1
تحريض علي الكراهية,1,0,0
علاش غادي نتعصب بالعكس وضحت لك وفسرت لك شيء انت لا تعرفه و لو بحثث عنه قليلا لوجدت نفس كلامي,1,1,1
امين و لك بالمثل الله يحفظك,0,0,0
جمال مروركم اكثر,0,0,0
مجرم,0,0,0
الفراق أن نمر بنفس المكان و بنفس التوقيت و نشاهد نفس الأشياء و لا نلتقي,0,0,0
اعوذ بالله,0,0,0
استيراد السلاح المغرب عالميا والجزائر في نادي الخمسة,0,0,0
تقبل الله منكم نسألكم الدعاء,0,0,0
كل التقدير للسيدة التي تبرعت بجزئ من مالها الخاص في خدمة المصلحة العامة و اتمنى ان تكون حافز لاثرياء المغرب للانفاق,0,0,0
في الوقت البدل الضائع,1,0,0
أنا أصدق القرآن عقيدتي مؤمن بها ولن أحيد عنها لأنها الفطرة التي ولدت بها,0,0,0
خويا لعزيز نت على راسي و عيني,1,1,1
سير شوف محطات افريقيا كلها عامرين و حتى المطاعم ديالهم ديما,1,1,1
المغربي أوخدا يقترب من المنتخب الإيطالي للشبان,0,0,0
رمضان و صايم قلبتي عليها الصراحة الحمد لله على السلامة,1,1,1
غايجي واحد الوقت و غادي نحقق فيه كاع داكشي لي كانتمناه حيت حتى حاجة ما مستحيلة,1,1,1
بصح يحسن الله عوانكم,1,1,1
زوجة رونالدو ترتدي القفطان المغربي بحفل,0,0,0
مرحبا بك,0,0,0
شفاء لا يغادر سقما امين يا رب,0,0,0
دعوة الصباح ربي أكتب لنا يوما جميلا، محاطا بالفرح والسرور والخير الدائم,0,0,0
بنسبة لي لاعب عادي,0,0,1
هذة التحفة في تبوك شمال الأردن تدعى مدائن صالح سكنها قوم ثمود سبحان الله,0,0,0
وأنت يا أمي كطمأنينة الصلاة كأرض أحياها المطر,0,0,0
على كثر الظروف المتهاوية علينا لا زالت نفوسنا رحبه وضحكاتنا حاضره,0,0,0
تم الاعتداء عليها بالضرب,0,0,0
وكل القلوب يغيرها الوقت إلا قلب الأم جنة دائمه,0,0,0
لقد تم حل المشكل و عادت المياه الى مجاريها اكثر صفاء,0,0,0
أجدادنا حررو الصحراء من الاستعمار وأشباه الرجال والمغنيين بغاو إحرروها بالشطيح والأغاني,1,1,1
مزيانة فوالديه الصهيوني لاخور,1,1,1
كانو اساتذة زوينين واخا هكاك و كانو يحرصو على المصلحة د التلميذ,1,1,1
من حقنا ان نفتخر,0,0,0
مثل هاد الأخبار لا تكون في متناول الصغار,0,0,0
صافي راني اديت الواجب و ترجمت,1,1,1
هنيئا,0,0,0
غيم و مطر ، ليت ثالثهم لقى,0,0,0
من سيسلم الكاس لقطر في حال ربحت,0,0,0
ناشط و عايش اللحظة,1,0,1
ماشعرت حتى سبيتو عصبني,1,1,1
في اوروبا غير الطاليان لا اشجع احدا المهم ساستمتع بمواجهة بلجيكا في الربع ان تأهلو لك ان تدعميني ان شئت,1,0,0
اش هاد لوقت لي وصلنا ليه كيفاش لواحد يذبح واحد اخر بكل برودة اعصاب شمن قلب عند هاد الناس هادشي مكيتصدقش,1,1,1
رسالة صباحية عش لله فما طابت الحياه إلا بقربه,0,0,0
غاتشجع الريال طبعا ياك,1,1,1
المغرب خط احمر ياكلاب,0,1,0
كل من يحبهم قلبي,0,0,0
إليك نتائج قرعة ربع نهائي أي من هذه الفرق ستشجع,0,0,0
انا الاول و احب المركز الأول,0,0,0
لا تصنعوا من الحمقى مشاهير,0,0,0
بدوام الصحه والعافية,0,0,0
صباح الخيرات و البركات,0,0,0
خايبة,1,1,1
و ما باغيش تسمع صوتي,1,1,1
أمين رب العالمين,0,0,0
الحب والتسامح,0,0,0
عطاء المشاعر غالبا ما يعود لك أضعافا كثيرة,0,0,0
الله يكمل بيخير,1,1,1
أنتم لا تخافو الله بأفعالكم هذه,0,0,0
شفتي نيتك ناقصة,1,1,1
نهاركم مبروك غدا إنشاء الله الأغنية الجديدة,1,1,1
ثانيا البربر أمازيغي أشرف من دبابكم ونحن لانطالب أحد أن يحمينا كما فعلتم أنتم عند ما باعتم كل جزركم مقابل الحماية,0,0,0
إنت أقرب قلب لو كنت بعيد إنت أجمل حلم و أغلى أمنية,0,0,0
اتهام زوجين مغربيين بتهريب طفلة إلى إسبانيا,0,0,0
أجمل ليست أحلاها وإنما أكثرها جمال,0,0,0
الأم هي الوحيدة التي نثق بحسن نواياها,0,0,0
حسنا,0,0,0
الله يرحمك كنت طيب وابن حلال يوم عيد الحب انزل نعي في جريده عكاظ عشان حييباتك يعرفو,1,0,1
تجب زكاة الفطر على كل مسلم يكون لديه ما يزيد عن قوته وقوت عياله وعن حاجاته الأصلية في يوم العيد وليلته، ويلزم المسلم أن يخرج زكاة الفطر عن نفسه وزوجته وعن كل من تلزمه نفقته ويستحب إخراجها عن الجنين الذي أتم أربعين يوما في بطن أمه أي نفخت فيه الروح,0,0,0
ملي ولا العثماني رئيس للحكومة فإن كلشي ممكن الحدوث,1,1,1
و الله مافهمت,1,1,1
مجهودات الحكومة الجبارة لي محاربة الفساد,1,0,0
كل العار الذي عشناه من سنين طويلة يتلخص في هذا الفيديو,0,0,0
جمهور الكرة رجل السنة في المغرب,0,0,0
النهي كايدار بينك و بين الشخص و بالتي هي احسن بغا ياخد بنصيحتك هو هاداك مابغاش ضير راسو ماعندك تا شي حق لا ف الدين لا ف القانون انك تفضحيه,1,1,1
صحيح يقدر تغير نتيجة في لماتش ولكن هاذ شي مكيمنعش اننا نتفائلو ونفرحو بصدارة وليس البطولة حيت مزال عليها لحال,1,1,1
أهلا صديقي وا فين غبورك,1,1,1
من كان له حظ في دنياك يا حظه,0,0,0
عام و هم تيكذبو و يصنعو صوارخ مازال مابغا يصدق ليهم هاد الصاروخ خلاها سيدهم اتركو الكلاب تنبح,1,1,1
بصحتك و جميل نظامك المسائي,0,1,1
ماشي كل الناس عندهم الوعي للاسف الشديد,1,1,1
طبقي هاذ الحديث من دبا,1,1,1
جميل ما خط قلمك,0,0,0
تغذية أدبية ياخي حسابه جبار وأصنفه من أفضل الحسابات الموجودة حاليا تابعوه,0,0,0
قال الله تعالى ومن أظلم ممن منع مساجد الله أن يذكر فيها اسمه وسعى في خرابها ۚ أولئك ما كان لهم أن يدخلوها إلا خائفين ۚ لهم في الدنيا خزي ولهم في الآخرة عذاب عظيم,0,0,0
طريقة باش طاح مضحكة للغاية حكم ياسلام,1,1,1
امين يا رب رانا نحاولو نخرجو من العزوبية قهرتنا,0,1,1
العنصرية التي تغذيها احقاد الساسة الاوربين,0,0,0
يروى أن أبا مرتاح البال، فيقال له لماذا لا يزورك إبنك كثيرا كيف تصدق أن ظروفه لا تسمح فيعكر صفو قلب الوالد ليبدأ الجفاء بعد الرضا إنه الشيطان يتحدث بلسانه قد تبدو أسئلة بريئة متكررة في حياتنا اليومية لكن لها وقع على قلوبنا تذوق كلامك قبل أن تنطق به,0,0,0
كلامي موجه للسيد الامين العام,0,0,0
ذكريات الماضي,0,0,0
البنك الاسلامي ديال بصح في المغرب,1,1,1
الحياة العقيلة مملة تايخصها شوي دالحماق باش، تكون زوينة,1,1,1
توقعات بإعلان آبل عن باقة خدمات تلفزيونية,0,0,0
انتم السابقون و نحن اللاحقون,0,0,0
اختيار الالفاظ ضاعت للأسف,0,0,0
لا اعرف المجاملة,0,0,0
كفى بالله حسيبا ومحاسبا لمن نزعت الانسانية من قلوبهم,0,0,0
إذا كنتم لا تحبون القراءة فهذا تقرير صوتي,0,0,0
بينهم معاهدة صداقة و تعاون حقيقية,0,0,0
الله يرضى عليك أ ولدي,1,1,1
هذا في بلدك و متعودين عليه انت و اهل بيتك و ليسو كل الناس رخاص و عديم الشرف و العزة و القدر و الكرامة مثلك,1,0,0
مبروك للشعب اليمني الله لا يرجعهم,0,1,0
مبارك للجميع وربي يعوض عليك ويفرح قلبك,0,1,0
الله ياخد الحق ف اللي كان حيلة و سباب,1,1,1
ضعف واضح في دفاع فريق,0,0,0
وا أسفاه على دولة إسلامية تزهق فيها أرواح الأبرياء,0,0,0
فيديو طفل إيراني يتحدى بحركات غير عادية,0,0,0
يضحك ليك الخير والربح اخويا تصبحوعلى خير البنات,1,1,1
الترجمة مغلوطة و كاذبة,0,0,0
خذ من الحياة بساطتها كماالزهور تنعش في عبيرها فلا يبقى في الوجود غير الذكر الطيب والعطر الجميل صباحكم الخير,0,0,0
لو كانت هذة اللوحة امامك ماذا كنت ستكتب,0,0,0
واش هادو مكايناش في قلوبهم الرحمة,1,1,1
كلام جميل احسنتي النشر حبيبتي الغالية جزاكي الله خيرا,0,0,0
لم تعجبني طريقة تمثيله أجده ممل للغاية,0,0,0
اتذكر أمي و هي تحمل مظلة فوق رأسي ببنما رأسها مبلل بالمطر,0,0,0
شكون هذا,1,1,1
اكبر منجم سري للذهب بالمغرب السكان ،اصبحو زومبي يا الله,0,0,0
المغربي الي طلق العنان الخيال ديالو النتائج تبان تبان,1,1,1
اسعد الله أوقاتك الحمد لله بخير و انت ما اخبارك,0,0,0
والله ماعرت سولت راسي نفس السؤال و مالقيتش الجواب,1,1,1
عبييد من درجة الاولى الله ينعل فلووس لي تخلي بنادم يركع لهااد لقوم,1,1,1
من الطبيعي أن تتناثر الإتهامات والتشنيعات والشتائم والرصاصات في كل إتجاه إذا كان رأس الدولة عاجزا عن إتخاذ القرار,0,0,0
نموذج على مدى عبث القائمين على أمور البلاد,0,0,0
حمدلله باقي قادر نضحك الناس,1,1,1
منطقيا لا شيء في العالم قابل للإستمرارية كل الوعود التي تعطى مجرد مشاعر لحظية,0,0,0
انا معك طول العمر شمس وقمر,0,0,0
كلام عميق,0,0,0
السعودية لم تختار التصويت للملف الأمريكي بل كان من المفروض عليها التصويت له وهذا هو المؤسف في الأمر السعودية قرارها ليس بين يديها,0,0,0
لا حبيبي انا اللي راح اعلمك,1,1,1
ميسي الافضل في التاريخ كأس العالم,0,0,0
ما كتبته تجسيد للوحدة القاسية الموجعة,0,0,0
صباحك جميل فوز,0,0,0
بكاني هاد الليلة نقطة ضعفي رجال كبار يبكيو يلعن بو الفلوس ويلعن بو الخارج اللي غيخليك تنسا والديك غاتندم أقسم بالله غتندم ضرني فقلبي,1,1,1
اختصره الزين باسمه و انفرد كل وصف فيه عن غيره سمى,0,0,0
الفنان الشعبي الحاج موغيت عجباتو أغنية وكيسلم عليكم كاملين,1,1,1
بصحتك شفتيها,1,1,1
الله يبارك فيك حبيبة,1,1,1
أكمل في الطريق الذي انشرح صدرك له,0,0,0
صباحك سعادة ونجاح صديقي العزيز,0,0,0
لا يصفك كثر الكلام ولا يصفك كثر القصيد,1,0,0
التحكيم الاسباني أحسن من تحكيم الدوري المغربي بدرجة وحدة,1,0,0
مغربي ولد بلادي و السوري من عائلتي,1,1,0
امييين في امان الله,0,0,0
برافوا عليك خويا,1,1,1
آلله يرحمها ويسكنها فسيح جناته,0,0,0
كل عام والمرأة بألف خير بمناسبة عيد المرأة,1,0,0
رعب وخوف على وجهك ياجبان,0,0,0
وبعض الكلمات خلقت لتقال مره واحده لشخص واحد ثم لا يكون لها معنى بعدها,0,0,0
مكتميزش بين ضربة جزاء وتسلل وتنتقد المدرب الزمر هدا,1,1,0
تماما ما دام القضاء لا يقوم بواجباته ف غير الله يحد الباس و صافي,1,1,1
الابتسامه هي الوسيلة الوحيدة لكسر الحاجز بين الناس,0,0,0
كرة القدم من العشق الى الميوعة,1,0,0
أعود بالله لعن الله الرجال المتشبهين بالنساء,0,0,0
جماعة المنافقين,0,0,0
شكرا للتوضيح اخي عادل لكن يبقى قانون غريب,0,0,0
الغباء واضح,0,0,0
تحب لعب ألعاب الطاولة والقيام بالتمارين الرياضية واستطاعت التغلب على مرض عمرها عاما أكبر معمرة على الأرض,0,0,0
أربع سنوات سجن لكل من يسيئ للرئيس نعم إنها بلاد الدكتاتور تركيا,0,0,0
قمة السعادة أن تمتلك شخصا يجعلك تغفو مبتسم وتستيقظ مبتسم وما بين الإبتسامتين قلب فرح و راحة لا توصف,0,0,0
انا شاهدته ايضا لكن عجبني معاناة اطفال القمر,0,0,0
شفت التويتات دولك اليوم روعة,1,1,1
امين يا ربي واخا,1,1,1
كل شيء تغير و إختلف,0,0,0
فعلا كل حاجة تعطاها حقها تكون جيدة,1,1,1
العيب مني و لا منها,1,1,0
اشاطرك الرأي منشور للترفيه وإضحاك اعضاءنا الكرام هذا هو هدفي من نشره,0,0,0
اللهم اغفر لها و ارحمها و وسع في مدخلها و اجعل قبرها روضة من رياض الجنة و جميع موتى المسلمين آمييين يا رب العالمين,0,0,0
و الله ما عرفت فين غا يوصلو بهاد الشي المهم كل جامعات المغرب تعاني من مشاكل و ينتظرون تخرج اطر لاصلاح البلاد,1,1,1
كارثة بيئية ب دخان مصنع للزيت خنق الناس فالحي الصناعي سيدي براهيم,0,1,0
شتان بين مواطن يتبرع من ماله الخاص للمصلحة العامة ومسؤول يسرق أموال و يبحث عن امتيازات لأهداف شخصية,0,0,0
تغفى المدينه ، وشوقي لك ما ينام,0,0,0
ولكن ناس كخسرو لفلوس ف التعليم,0,1,1
شكرا بزاف لأعز الناس لي سولو فيا صراحة مريض بزاف ولاكن كين تحسن الحمد لله كنبغيكم بزاف,1,1,1
لا هاديك سياسة هادكشي اللي بغيت نوضح ليك,1,1,1
يبارك لي في قلبك يا غالية العقبة ليك ان شاء الله,1,1,1
الراجل معرفش كيفاش,1,1,1
وما أكثرهم للأسف,0,0,0
حمدلله غير على اعتراف ديالك,0,1,1
صحيح لكن ماذا لو لعام واحد فقط,0,0,0
غاديين بتيسير الله,1,1,1
يمكن تلخص لنا سيادة الرئيس الاهداف المتوخاة من هذا المعرض مثلا فاش غ يفيد المنطقة و الشباب,1,0,1
و الحسد انواع للاسف,0,0,0
ان شاء الله الجزائر تنشغل بأمور بلدها وتنسى شي اسمه المغرب فالحقد والكره على بلد الجار لن ينفعهم في شئ,0,1,0
السلام عليكم ايها الاخوة والاخوات,0,0,0
معلومات جميلة شكرا لك,0,0,0
تقرير الأبناك المغربية يدفع الجواهري إلى مراسلة فيتش الدولية,0,0,0
من طيبتكم,0,1,0
العالم لديه حجة على نضامكم القمعي لولا أبو ايفانكا الدي يبتزكم بتصريحاته ولعلمك أنا لست ضد الشعب السعودي ولكن ضد سياسات المسؤولين المتهورة,0,0,0
يوم المرأة العالمي في صور,0,0,0
هذا من باب الجودة,0,0,0
خبر حزين وفاة الممثل المغربي عزيز موهوب بعد صراع طويل مع المرض,0,0,0
ريالي حتى النخاع,1,0,0
أسوأ شعب,0,0,0
واخا سنة سعيدة,1,1,1
ستكون بخير ارجو لها الشفاء العاجل,0,0,0
حال التعليم من سيء الى أسوء بفعل غياب الارادة الفعلية لاصلاحه وغياب اليات المراقبة,0,0,0
إياك أن تدل الناس على الله ثم تفقد أنت الطريق و استعذ بالله دائما أن تكون جسرا يعبر الناس عليه إلى الجنة ثم يرمى بك في النار,0,0,0
الوجه الآخر للمعرض الدولي للكتاب,0,0,0
جميل أن يكون بيتا للصلاة في كل بيت للنساء والاطفال وحين العجز فيه الركوع,0,0,0
وفي لحظة تغير كل شيء ظننته لن يتغير,0,0,0
يا سلام على الأيام,0,0,0
صباح الخير سيدي,0,1,0
هذا عندنا نحن اما هم فلا اعلم كيف يتعاملون مع اسماء من عندنا,0,0,0
وخالق عيونك الحور مابعد حبك حب,0,0,0
ذلك الفرح الذي ادخلته علي قلب احدهم ولو بكلمة لن ينساه الله وسيرده اليك في ضيقك,0,0,0
واش الملعب ديال سطيف فيه عشب اصطناعي,1,1,1
فين الزردة ولا الحلوة,1,1,1
آخر ما كاين في السوق الزواج عبر الخاص عش رجبا ترى عجبا من ورا هادشي كامل اللي بغاني نشهد له زرقلاف,1,1,1
صباح الخير بالتوفيق إنشاء لكل مرابط و مرابطة على حدود أمنياته,0,1,0
سألتمس للكل عذرا حتى و ان نفذت الاعذار,0,0,0
قادة أحزاب يطالبون بوتفليقة بالترشح للانتخابات,0,0,0
مسلخير صديقي,1,1,1
خصها تمشي لجميع الشعب ولا بلاش,1,1,1
بنت زينة بعقلها ماشاء الله عليها,1,1,1
رجوع الله ا ختي استغفري مولانا كلنا كانشوفو فراسنا غير العيوب و كانشوفو ف الاخرين غير الزوين خاصك غير تعرفي بلي كل واحد زوين بطريقتو لي مختلفة على الاخرين و كاتميزو,1,1,1
وما كان الله معذبهم وهم يستغفرون أستغفر الله الذي لا إله إلا هو الحي القيوم وأتوب إليه,0,0,0
استغفر الله وأتوب إليه,0,0,0
منتوج رديئ لا أنصحكم به,0,0,0
جات هاد التغريدة مع الاذان,1,1,1
الوقوف على الأطلال,0,0,0
لن تكون هناك مفاجئات و لا اي شيء آخر البطل سيكون البرازيل,0,0,0
الاستغفار يفتح الأقفال ويشرح البال ويكثر المال ويصلح الحال أستغفر الله العظيم الذي لا اله الا هو الحي القيوم و اتوب اليه عدد خلقه و رضا نفسه و زنة عرشه و مداد كلماته,0,0,0
ان شاء الله في طريق التوبة و الهداية,0,0,0
نتوما العيالات عزيزة عليكم غ الغيبة و النميمة,1,1,1
كلام حكيم,0,0,0
الله يسعد الناس اللي مرت ولا ضرت,0,0,0
لما افهم نفسي الاول,0,0,0
رب اجعلني مقيم الصلاة ومن ذريتي ربنا وتقبل دعاء,0,0,0
لطفك يا رب,0,0,0
الاهتمام النسوي ما شاء الله,0,0,0
هذا مشكل في حد ذاته صحفي خاصوا يكون حر,1,1,1
مذبحة جديدة بحق السعوديين الأبرياء على يد الحرس الأسدي الظالم فأين أنتم يا مسلمين,0,0,0
كن سببا في جعل شخص اخر يؤمن بوجود الخير في الناس,0,0,0
اللهم بشرني بما يسرني وكف عني مايضرني,0,0,0
دور بصدري وطن و أستعمره ، عندك من الضلع الاول للأخير,0,0,0
شعب كهذا مع الأسف لن يقوى ولن يجرؤ على محاسبة مسؤوليه، لأنه وبكل بساطة متواطئ وشريك بطريقة أو بأخرى في كل التجاوزات التي تصير أمامه، وبالتالي لا يملك الشرعية الزجرية ويكتفي فقط بالتنديد واستهجان ما يدور حوله كأقصى ما يمكن أن يفعل,0,0,0
بزاف لا مقارنة,1,1,1
نعم الناس صراحة الخلق الحسن والأصل الطيب بارك الله فيكم,0,0,0
حقيقة مؤلمة,0,0,0
للعام العاشر فيينا أرقى المدن الصالحة للعيش,0,0,0
من حسن الى احسن,0,0,1
لا اعرف اذا كنت رائعة بنظرك المهم تلقا الخير و تصبح على ما تتمنا,1,1,1
آمين شكرا,0,0,0
لأول مرة رقمنة المنازل بهذه المدن المغربية,0,0,0
باش تلقى خدمة بحال هاكا خاصك دمر عليها و تستاهالها فأو روبا ولا فالمغرب,0,1,1
قلبي شاف فيك الهناء و أكتفى بك,1,0,0
ليل وبحر وقمر أكتمل الجمال,0,0,0
ماعرفناش واش تغيير الوضع غادي يكون معه الاستقرار و ان كنت أتمنى لهم الامان,0,1,1
نظرتي لك عمر جديد,0,0,0
حشومة عليك,1,1,1
البعيد عن العين ، قريب من الذكريات,0,0,0
برشلونة ينهار ويتراجع في فبراير هل أحلام النادي بدأت تتبخر,0,0,0
وحدة صناعية جديدة بالمدينة,0,0,0
أنا أبكي وأدري أن دموع العين خذلان وملح,0,0,0
يوم سعيد,0,0,0
سامح ، فأنت أيضا كنت سيئا يوما ما,0,0,0
العفو وشكرا لردودك الرائعة,0,0,0
يا سلام روعة,1,0,0
ما هي أسرار المياه,0,0,0
تفائلو بالخير تجدوه,0,0,0
مغارة هرقل,0,0,0
وانت مال أهلك,1,0,1
أولى رسول الله صلى الله عليه وسلم من العناية والتخصيص للعشر الأواخر من رمضان الشيء الكثير، لما في ثناياها من كنوز وجواهر مكنونة، وهل الأعمال إلا بالخواتيم فكان صلى الله عليه وسلم يجتهد فيها ما لا يجتهده في غيرها “كان إذا دخل العشر، أحيا ليله وأيقظ أهله وجد وشد مئزره”,0,0,0
يابسمة الليل الحلو يا ضحكة الوقت الحزين,0,0,0
القجع معنا لا خوف علينا,0,0,0
تافهين,0,0,0
دع يوم أمس وخذ في شأن يوم غد واعدد لنفسك فيه أفضل العدد واقنع بما قسم الله الكريم ولا تبسط يديك لنيل الرزق من أحد,0,0,0
لاء و انت الصادق الوداد و الرجاء فوق كل الفرق,1,1,1
ضيعو ف الشوط الأول بزاف,1,1,1
مساء الورد اختي الجميلة,0,0,0
عندي هدف ان شاء الله يتحقق,0,0,0
القمع يتصاعد ضد نشطاء حقوقيين في إيران,0,0,0
تقريبا سنة,0,0,0
برامج سخيفة تهدف لهدم الأمة,0,0,0
مساءكم خير وبركة,0,0,0
هذا المدرب معندك متفهم فيه كيخربقها ويخليها,1,1,1
فيلم أكثر من رائع و القصة جد مشيقة شكرا,0,0,0
إيقاف سبعيني قتل ثلاثة أفراد من أسرته بمكناس,0,0,0
أهل الحق سماهم الله المسلمين,0,0,0
احسنت افضل مشاركة,0,0,0
شكرا ايها الطيب وارجو لك كل الخير والسعادة في حياتك,0,0,0
الفعل يغنيك عن كثر الحديث,0,0,0
فعلا اللي يستحوا ماتوا للأسف,0,1,1
عجز,0,0,0
وأن غاب طيفه في قلبي مايغيب,0,0,0
أظن هذه الصور في اليمن و ليست سوريا,0,0,0
مكتفي بقربك عن قرب النآس آغنيتني عنهم جعلك لي عمر,0,0,0
صباح السعادة,0,0,0
عيد باي حال عدت يا عيد ابما مضى ام لامر فيك تجديد تقبل الله منا و منكم صالح الأعمال,0,0,0
على الأقل ارسنال وصلات للفينال,1,0,0
يارب في أول جمعه من شعبان نسئلك أن ترزقنا رضاك والتوبة وأن تبلغنا رمضان لا فاقدين ولا مفقودين,0,0,0
شنو رأيكم فداكشي لي دارو لمهدي منيار صراحة انا مقدرتش ناخد موقف,1,1,1
احكي سرك للغريب حتى واذا محافظش عليه ينشرو بعيد على دوارك ولا تحكي سرك للقريب كي ينشرو يجيبلك العيب لباب دارك,1,1,1
اذكرو الله يذگركم,0,0,0
جييييت كنت نطيب في العشا,1,1,1
يبار ليا في عمرك يا رب,1,1,1
بلدك الثاني ترحب بك ستكون بين اهلك و اخوتك,0,0,0
أوافقك الرأي وبشدة,0,0,0
ها علاش تركيا قوية و مزدهرة,1,1,1
شكرا بزاف خويا وربي يبارك فيك ويسعدك,1,1,1
ممتاز ولاكن الدماغ خاوي للأسف,1,0,0
مامشا معاك باس,1,1,1
طيب على العين و الراس غاليتي,1,1,1
امين الهي يجعل ايامك جميلة,0,0,0
الله يرحموا ويوسع عليه يكفي انك تدعي ليه وتتصدق عليه,1,1,1
قرية صغيرة بالمغرب اسمها القباب,0,0,0
اشكرك اختي نبيلة على كرم اخلاقك وكلامك الراقي واتشرف ان اكون في هذه القائمة مع اعلام تويتر في المغرب,0,0,0
الرجاء يحرم مابيدي من اللعب مع منتخب الكونغو,0,0,0
الله يخليهم لك,1,0,1
لؤ الحزام الناسف يدخل الجنه ، ماتركه اللذي ارسلك,0,0,0
وفقكم الله لما فيه الخير لكم و لبلدكم,0,0,0
اللهم إني أسألك العافية في الدنيا والآخرة,0,0,0
بركا من ضيم شنو لحاجات زوينين لي درتيهم فهاد سنين,1,1,1
تصبحون ع حب,0,0,0
أسود الأطلس يدخلون في معسكر مغلق,0,0,0
تصريحات مستفزة,0,0,0
بالمعنى الاجمالي ان الدين سيغير اهل السياسة و يبين لهم طريق الحق و على النقيض من ذلك ان اهل الدين اذا و صلو للسياسة سيضيعون و يتيهون لانهم يجهلون خباياها,0,0,0
كاين نوع ديال الرجال كيعجبهم لمرا الضعيفة لي تبقى ديما محتاجة ليه ومتقدرش تعيش بلا بيه باش يفركها ويحكها مزيان ومتقدرش تهضر ديك ساعة كيحس بروجولتو,1,1,1
النيران تلتهم شاحنة لنقل الأفرشة بالطريق السيار أكادير مراكش,0,0,0
عرض المحرمات كمباحات أسلوب إبليس وذريته,0,0,0
في زمننا هذا إياك أن تشعر أحد باحتياجك له,0,0,0
كل الغياب أقواه إلا غيابك أنت,0,0,0
يا ناعم العود يا سيد الملاح,0,0,0
حياة الرعاة الرحل قساوة تتأرجح بين برد الشتاء وحرارة الصيف,0,0,0
الجملة كفيلة بأن تضع فيك أمل ل سنوات قادمين وما زرع الله في قلبك رغبة الوصول لأمر معين إلا لأنه يعلم أنك ستصل إليه تصبحون على خير,0,0,0
مكتسبات راحت في الزبالة,0,0,0
البرازيل الرقم واحد فهاد النوع دالسرقة,1,1,1
هل جربت دلك الإحساس تكون كتاكل و تفكر شي حد ولا شي هضرة و توحل لك و تسد لك الشهية,1,1,1
حشمتي تقولها نيشان الله يحفظك,1,1,1
مع لعزيمة الكل ممكن,0,1,1
يضحكني الرجل الذي يطعن شرف إمرأة و اهل بيته ليس عندهن شرف,0,0,0
رجال الاعمال اللصوص,0,0,0
هذا حال بعض الناس دعك منهم استمتعي بما ترينه صائب لك,0,0,0
و لا احد يستحق,0,0,0
صعب تغيير القناعات,0,0,0
كل عين تشوفك ليتها عيني,0,0,0
لم يسبق ان سمعت بهذه اللغة,0,0,0
صافي نتي عقبرية على هاد الحساب,1,1,1
عندما أغضب اصبح مثل اعصار كاترينا,0,0,0
الارجنتين منتخب فاشل مدرب فاشل جمهور رائع,0,0,0
هذا ما يراه الناس علينا للاسف,0,0,0
سررت بلقائك أخي الإعلامي المتميز,1,0,0
كنت اود ان أتمنى لك الأفضل لكن الأفضل كان أنا,0,0,0
جيل صعيب هذا,1,1,1
متفق معك مليون في المئة,0,0,0
صراحة عندنا زين فالمغرب,1,1,1
يدوم عزك و نورك خويا,0,1,1
من أجمل اللحظات عندي هو نشوف التلاميذ خارجين من المدرسة فرحانين,1,1,1
اعتقال وسجن صحفيين ظلما,0,0,0
زوينة هاد ديال المسيح الدجال اخويا قضى علينا الجهل و الفقر ف هاد البلد السعيد,1,1,1
نعم أنا عندي شهادة ديال التحكيم من الجامعة الملكية المغربية لكرة القدم,0,1,1
اوك شكرا,1,0,1
لأول مرة العثماني يفتتح إلى جانب الأعرج المعرض الدولي للكتاب بالبيضاء و هذا ما قاله,0,0,0
فعلا تبين أنه ليس من الذهب وإلا لكانو سرقووه لكن تبقى معلمة رائعة,0,0,0
للناس في الحب مذاهب اللهم زد و بارك,1,0,0
باش نخرجو من هاد دار غفلون اللي عايشينها لازم من التضحية باش توصل لنتيجة تفرح خاصك تضحي بالغالي و النفيس,1,1,1
كانت ضناه وكان لعيونها أب ، واذا يمسه ضيق قالت أنا أمه كانوا حكاية حب وأكبر من الحب ، حتى طواهم وقت من غير ذمة,0,0,0
لكن تمت فئة قليلة و الحمد لله ما زالت على النهج الصحيح,0,0,0
بعض الصور من المدينة الساحرة مدينة الديموقراطية,0,0,0
اللهم امين يارب,0,0,0
تدوينة جديدة لرئيس الحكومة,0,0,0
بوصوفة يقود فريقه للفوز في الدوري السعودي,0,0,0
حكمة اليوم الناس يتسامحون معك تسامحا مدهشا شريطة ان تمتلك مالا,0,0,0
قلت ليكم ان بارصا فريق ضعيف جدا جدا,1,0,1
عويناتك لي زوينين,1,1,1
مباراة مملة للغاية مجرد مضيعة للوقت,0,0,0
خططوا لمستقبلكم,0,0,0
بدأت بنسيان بعض الاوجاع,0,0,0
الله يعزك و ينورك شكرا لكلامك الراقي في حقي و ارجو من آلله يستجيب لدعاءك هذه الامة فيها الخير الكثير و الحمد لله,0,0,0
أنفلوانزا الخنازير تقتل سيدة حاملا في المغرب وزارة الصحة قالت قبل الوفاة إن الوضعية الوبائية للإنفلونزا لا تدعو إلى القلق,0,0,0
نتمنى ألا تتكرر الفضيحة,0,0,0
انت استاذة في الإنسانية كل شخص استاذ في شيء ما هذه الصفة ليست مرتبطة بمجال معين,0,0,0
حتى ذلك الحين نتمنى ان تكون مجرد اشاعات,0,0,0
في عام نشرت صحيفة استامبا الإيطالية تحقيقا عن سلالة آخر ملوك غرناطة أبو عبد الله الأحمر حيث تبين أن حفيده الموجود في الصورة تحت علامة كان يشتغل خبازا في المغرب,0,0,0
العشية غندوز الحصة ديالها فالطريق ان شاء الله,1,1,1
على حسب زاوية رؤية الأشياء,1,0,0
السيارة الطائرة لم تعد مجرد حلم,0,0,0
عندي امل,0,0,0
المشاركين بينو للناس انه اللى قايمين على البرنامج حمير,0,0,1
رسميا أسعار تذاكر مباراة المغرب والأرجنتين,0,0,0
وش تسمونه بلهجتكم,1,0,1
اضم صوتي الى صوتك,0,0,0
جزاك الله خير يا اخي ابو حسن انتم اصل ابداع وتميز ومنكم اتعلم داىما,0,0,0
مدينة فاس انها اكبر منطقة خالية من السيارات فالعالم ولذلك فإن بيئتها نظيفة جدا,0,0,0
سيصلك لطف الله لن ينساك سيعوضك كما تستحق ثق بالله وقل يارب,0,0,0
امين ا ختي,0,1,1
الله الله على الروح الرياضية في ابهى حللها,0,0,0
الف مبروك ياحبيب خالك,0,0,0
الكذب حيلة لكن حيلة ضعاف النفوس,0,0,0
الوداد وكفى,0,0,0
ساعات متواصلة بدون كلل ولا ملل,0,0,0
ختي امينة انا غير تنمزح مع الأخ مراد اسفة و اعتدر اذا زعجك تعليقي الله يسعدكم,1,1,1
مشاهير مغاربة في خدمة قضايا إنسانية,0,0,0
ليس هذا ما تم تداوله السيد كان جالس بجانب ماكرون و لما فطن لغياب زوجة الرئيس الفرنسي قام و ترك المكان لها,1,0,0
حسبي الله ونعم الوكيل ربي ينتقم وياخد الحق من لي كان السبب فهادا الشي,1,1,1
الأستاذ هي حرفة قبل أن تكون مهنة,0,0,0
عزك الله و ان شاء الله ترجع لرشدها,0,0,0
الله يجازيك,0,1,1
تطمن ، ما أحب الا عيونك,0,0,0
شي مدرسة يمكن,1,1,1
إنسان لاقاتني بيه الوقت صدفة ولاكن أصبح أعز صديق عندي بمثابة أخ انسان كيبغي الخير لغيرو طموح وعندو عزيمة و إرادة شكرا أخي مراد على الكل راك عزيز,1,1,1
هذه الجريمه النكراء التي حدثت لاهلنا المسلمين,0,0,0
كلنا هنا اخوة في تويتر والاحترام دائما في اسلوبك وكلامك,0,0,0
مع صديقي الفنان المتألق حديفة,0,0,1
نخاف ما نحشم,1,1,1
يتحدثون عنك بسوء وبعدها يجالسونك ويبتسمون في وجهك ممثلين المحبه هؤلاء هم أقذر الناس,0,0,0
ارقد انت في سلام اما هم فرحمهم الله وجعل مثواهم الجنة و الحقنا بهم مسلمين ثابتين على الحق,0,0,0
أثينا مصرع مواطن تحت عجلات مترو أومونيا,0,0,0
كاين اللي لا زين لا أخلاق,1,1,1
امين شكرا و لك بالمثل,0,0,0
آعشق التحدي لآنه هو الذي يقدم لنا الدافع لنتقدم إلى الآمام في الحياة وكسب التحدي والفوز به يعني إسكات كل آفوام اعداء التي تنتظر أن تسقط عند أول خطوة لكن من يعشق الموت لا يهزم أبدا ومن لديه إرادة القوة لايعرف استسلام لذلك لن يستطيع أحد أن يسرب اليأس إلى نفسي أو يحطم عزيمتي,0,0,0
يسعد مساكم,1,0,0
هاشم مستور اختار الاحتضار المبكر,0,0,0
تحياتي لأحسن فانز فالعالم كنبغيكم,1,1,1
من ذكريات صفحتنا,0,0,0
آمين يا رب العالمين,0,0,0
دكاترة الوظيفة العمومية يرفضون تهميش الحكومة ويلوحون بالتصعيد,0,0,0
مع صباح يوم جديد اللهم أرزقنا الإخلاص في القول والعمل والتيسير لخطواتنا وأفتح لنا أبواب الخير وأصرف عنا كل شر,0,0,0
استمرار انقطاع التيار الكهربائي,0,0,0
كان يغرر بالمغرر بهم ورفع شعارات محاربة الريع ومارس دغمجة على الجميع بعبارات التماسيح والعفاريت لكنه هو الريع في أبهى تجلياته,0,0,0
رغم كل التخريب والهمجية الحكومة الفرنسية استجابت لمطالب المتظاهرين من غير لا تخوينهم ولا اعتقالهم ولا تجريدهم من وطنيتهم سلاما على حراكنا وسلاما عليك يا وطني,0,0,0
جميعنا نملك نفس العين لكن لا نملك نفس النظرة,0,0,0
رضينا بالله و بالقدر بغيت نعرف فين تتغبري اختي يومك جميل ان شاء الله و حظك اجمل باذن الله غاليتي,1,1,1
عندي منو الخير الكثير شحال يدير مثلا,1,1,1
احسنت,0,0,0
لأرى كمية الجهل التي وصلنا لها,0,0,0
زمن الانحطاط على اغلب المستويات,0,0,0
أحيانا نحتاج لمن يشعر بنا، وليس لمن يسمعنا,0,0,0
انت من آطيب الناس آختي,0,0,0
أحتاجك في حياتي لست ضعيفا دونك ولا حزينا ولكنها الحياة تصير ثقيلة كشيء لا أريده أحتاجك لأني استطيع اخبارك بما أريد,0,0,0
ما يقال عند كسوف الشمس أو خسوف القمر عن عائشة رضي الله عنها أن رسول الله صلى الله عليه وسلم قال «إن الشمس والقمر آيتان من آيات الله، لا ينخسفان لموت أحد ولا لحياته، فإذا رأيتم ذلك فادعوا الله، وكبروا، وصلوا، وتصدقوا» رواه البخاري,0,0,0
الله يرحمه ويغفر له ويسكنه فسيح جناته,0,0,0
فاجعة جديدة تضرب مصر اليوم,0,0,0
ليتني خلقت آكثر سطحية، أقل ذكاء، لما كنت لمحت كل ما يجري حولي بأدق تفاصيله، لما كنت شعرت بما يجري من تحت قدمي، ليتني خلقت دون حاسة الشم، لكي لا أشم رائحة كذباتك على بعد خمسين قلب,0,0,0
هذا هو جمال موسم الشتاء فى بلدى المغرب فيه تفيض الطبيعة بالخضرة وتكتسي بالبياض الساحر,0,0,0
كم أتعجب من وقاحة شخص هو المخطئ وينتظر الإعتذار,0,0,0
الحمد لله على كل شيئ من الصحة حتى الاسلام,0,0,0
ان ينصركم الله غلا غالب لكم,0,0,0
الله الله عصفورتي الصغيرة ماشاء الله عليها ربي يخليها لكم ويحميها وتتربى فى عزكم,1,1,1
جفنك ينام و جفن عيني ما غفى,0,0,0
حتى حنا غير كنضحكو,1,1,1
عندو المهارة,1,1,1
جنة فوق الارض,0,0,0
نعم تكون فحالك فآخلاقك العالية ونقاوة القلب,0,1,1
رحاب الضغط السياسوي رافق لجنة المحروقات,0,0,0
الله يبارك فيك آخي,0,0,0
اتذكر قصة الفتاة المغربية ذات سنة التي اختطفها فرنسي بضواحي باريس اغتصبها ثم قتلها و اخفاها في مراب لسيارات و عندما حكم عليه القضاء قالو انه مختل عقليا لم نسمع اعتدار فرنسي واحد,0,0,0
امين ان شاء الله,0,0,0
سيادة الوزير طلع ناطق رسمي و محامي ديال الشركات,1,1,1
التعامل الأمنى العنيف مع المتظاهرين,0,0,0
اكيد نفخر باصلنا ونعتز به بما اننا من سلالتين عظيمتين الاولى من اجدادنا الامازيغ طارق بن زياد و يوسف بن تاشفين العظماء الابطال الفاتحين للاسلام في ارروبا و افريقيا تحلم امك تنجب امثالهم و سلالتنا من الادار,0,0,0
البلد بحاجة الى اطباء امثال كل التحية و التقدير سيدتي,0,0,0
كل دقة قلب لك قصيدة,1,0,0
لو كان غض البصر وخوف الله لما تختل الموازين ولكن للأسف فلننتظر الأسوأ,1,0,0
زاكورة الجمال و الواحات والتمر,0,1,1
جميلة جدا جدا,0,0,0
اللهم ارحمه و اغفر له,0,0,0
رب اجعل أيامنا كلها سعادة رب بدد الأحزان وأبرئ الأسقام وابسط الأرزاق وحسن الأخلاق وانشر الرحمات وامح السيئات تباركت يا رب الأرض والسماوات,0,0,0
عدنااا و العود أحمد,0,0,0
من فضائل رمضان علينا التقليل من خلطة الناس وأخذ حظ من العزلة وأفضل ما تكون في المرابطة في المسجد وانتظار الصلاة بعد الصلاة,0,0,0
السعودية تخاطب مجلس جنيف بشأن خاشقجي,0,0,0
ناوي يكتب بنا شي رواية يكون هو بطلها منك لله منك لله منك لله يا وزير البدع,1,0,1
الف مبروك,0,0,0
لك حب ولصوتك حب ثاني,0,0,0
نمشي ننعس تصبحون على غذ أفضل,1,1,1
وهناك أناس غابوا عنا نسأل القدر أن يطيل في غيابهم طوال عمرهم,0,0,0
الله يعمرها دار,1,1,1
إذا قطعت علاقتك بشخص أقطع لسانك عنه,0,0,0
اللهم اكفني بحلالك عن حرامك وأغنني بفضلك عمن سواك,0,0,0
الله يعزك و يوفقك خاي ياسر كل الامتنان لك صديقي,1,1,1
آكيف جيتكوم آخر ما غنات آم كلثوم,1,1,1
عش سعيدا بالتفاصيل الصغيرة,0,0,0
التعامل مع الموقف,0,0,0
من أشكال احترام الذات أن تبتعد عن أي شخص لا يشعرك بقيمتك,0,0,0
مكرهناش شي فرحة بحال هادي حتى حنا,1,1,1
انا لا احب بل انشر الحب,0,0,0
وييه اخويا فيما قلبتي وجهك كتلقى غير الحضيض,1,1,1
اجزم انهن دائما على صواب و انا من هذا المنبر أضم صوتي لصوتهن,0,0,0
الله لا يسامحكم,0,0,0
أحب أن أحبك,0,0,0
تابعت المباراة و يحسب للمدرب انه حسن اداء لاعبيه مقارنة بكأس العالم هناك مجهوديبدل علما ان المجموعة كلها شابة تقريبا احترم رأيك لكن مدرب اخر كان سيبدأ من الصفر و يبدأ في فهم كاريزمة اللاعيبة و سيأخد وقت ليجد التوليفة المناسبة و سنلاحظ ما ق,0,0,0
الله لو صار العمر كله عيونك,0,0,0
كل شئ جميل في المغرب لمن يعرف قيمته و لا عزاء لكارهيه,0,0,0
تجاهل كل شيء يزعجك الأيام لا تعوض,0,0,0
فعلا مهزله,0,0,0
و باز من الصباح و أنا نشكر فيك الساعة عطيتيني,1,1,1
لا و الله حتى بزاف نهار زين هذا تصبح على هاد الفيديو,1,1,1
عجيب امره فلا تستغربي ف تقديسه لبعض الاشخاص,0,0,0
الاستغفار جنه وراحه لا توصف أستغفرك ربي وأتوب إليك,0,0,0
موعدي معكم غدا,0,0,0
سبحان الله وبحمده سبحان الله العظيم فائدة لغوية الغزل ما تغزله المرأة بمغزلها قال تعالى ولا تكونوا كالتي نقضت غزلها من بعد قوة أنكاثا تشبيه لحالة من يفسد أعماله الصالحة بحالة المرأة التي فككت غزلها من بعد قوته,0,0,0
رصيف الصحافة زيارة الملك محمد السادس تشغل الرأي العام بأكادير,0,0,0
لعنة الله عليه وإلى جهنم وبئس المصير,0,0,0
فى عمق كل آنسآن وجع صآمت,0,0,0
الإرهاب خطر عالمي اعتاد أن يستوطن في مناطق تغيب عنها هيبة وسلطة الدولة,0,0,0
نحن نعمل بالقرأن الكريم و هذا غير وارد فيه,0,0,0
اللهم إنك عفو كريم تحب العفو فاعف عنا,0,0,0
صباح التفاؤل بما هو اجمل,0,0,0
مغاديش نتافقو معاكم,1,1,1
نقول مبروك,1,0,0
الجهل والإرهاب وجهان لعملة واحدة فالجاهل يسهل السيطرة عليه لحشو مخه بأشياء غير منطقية لينفذ مخططات من هم ضد الإسلام باسم الإسلام والجاهل يصدق فينفذ كي تحارب الارهاب اقض على الجهل,0,0,0
ركبت الفيل بوحدي في الغابة أحسن تجربة في حياتي,0,1,1
يتسترون على فضائحهم الهمجية و يدعون النبل و الاخلاق ووو,0,0,0
لا اعتقد هناك قلة,0,0,0
لقيتيني راشقا ليا ما گاع ما عندي مع بحال هاد الهشتاجات,1,1,1
أجمل هدية تقدمها لمن تحب هي أن تخاف عليه وتخاف الله فيه,0,0,0
أشارك في تمام الساعة في نشرة أخبار الجزيرة لمناقشة التوتر السعودي المغربي وسحب الرباط سفيرها من الرياض,0,0,0
الذكريات تبقى اطول من صاحبها,0,0,0
ماذا تريد أن تكتب,0,0,0
هذا ما قيل و يحكى ايضا انهم سيقاطعون الامتحانات و مخاوف من سنة بيضاء,0,0,0
الأدب صدقة جارية على فقراء الأدب,0,0,0
شخصان أكرما من يكذب و من لا يحترم الوقت,0,0,0
صباحكم أمل وبياض قلوب,0,0,0
مع نهاية الشهر غادي يكون الفرق نقاط فقط,1,1,1
لا حول ولا قوة إلا بالله من الناس من لا يخاف من الله فما بالك بالبشر الله يبعد علينا و عليكم شر البشر,0,0,0
كلشي زوين فهاد الوقت,1,1,1
العسل و السمن مجموعين,1,1,1
اتمنى تسحب تعليقك و خل البساط احمدي اذا تتكرم لا نريد ان ندخل في متاهات اعراض بنات المسلمين,1,0,0
بغيت نسولك,1,1,1
تم انا,0,0,0
من الغباء ان تكون حزين بسبب شخص لا يهتم بك,0,0,0
الحمد لله الحفل داز مزيان والجمهور كان زوين بزاف تحياتي لولاد و بنات بلادي وكشكر سي نورالدين,1,1,1
يبقى تاريخ الهلال ثابت,0,0,0
الله يخليه لك و يصلحه,1,1,1
شجر الكرز ساكورا في اليابان,0,0,0
لا يوجد عمر مثالي للزواج بل هناك وقت مثالي للزواج يآتي هذا الوقت عندما يآتي الشخص المناسب فليس المهم متى نتزوج بل بمن نتزوج,0,0,0
قل خيرا أو إقرأ,0,0,0
بالتوفيق للمغرب اختي الصغيرة قالت لي نحط هاد الصورة شحال تستاهل من جيم ابن جرير,1,1,1
آختي الغالية الشفاء العاجل يارب,0,0,0
حب النقا ولو غبت ما ضاع وعده,0,0,0
عمايل ايذيك تبارك الله عليك,1,1,1
آميين يا رب,0,0,0
بالفعل هذا الشبل من داك الاسد تفاعل مع صدات ابنه و كأنه هو اللي يتصدى حزنت لخروج شمايكل,0,0,1
ماشاء الله الله يدومها محبة,1,1,1
وانا احب هذا اسم بشكل خاص,0,0,0
أشد أنواع الغيرة وجعا الغيرة على شخص ليس من نصيبك,0,0,0
مديرية الأمن قتيلة و جريحا في حادث إطلاق نار بمدينة كلميم,0,0,0
الانفلات الامني بسلا ولى تيخلع شكون المسؤول على المصائب,1,1,1
قلبي معك لو عيني مع الناس,0,0,0
ارا برع فيناهو اتاي,1,1,1
فيقني جوع,1,1,1
هنيئا لمن إشتاق لشخص فوجده,0,0,0
بارك الله فيك اخي رشيد و كثر من امثالك,0,0,0
آش هاد المصيبة تبلات بيها هاد البلاد,1,1,1
حكم ظالم ظالم لعنة الله عليه,0,0,0
الأزمة المغربية السعودية ستنفرج قريبا,0,0,0
إوا شتي بعدا,1,1,1
انا اعزك و احترمك اكثر من هذا المصطلح الناقص الذي ذكرت ما اعرفه عنك انك مغربي طيب ذو روح مرحة,0,0,0
في سما ليلي أنت القمر,0,0,0
الغاية تبرر الوسيلة,0,0,0
ان تولد ذكرا فهذا قدرك وان تعيش رجلا فهذا اختيارك,0,0,0
هاذي أنا صغيرة,1,1,1
ولا الوطن يستفيد إنما أنت المستفيد، الوحيد،,0,0,0
والله حتى زوين مرة مرة نتجمعو ونضربو الدنيا بركلة,1,1,1
فلسطين تحترق وسط سبات العرب للأسف الشديد,0,0,0
انت اكثر شيء يرضيني رضاه,0,0,0
و الله هم اكثر من تسبب للبلد في الفشل بلد يسير من لوبيات و مافيات لن يبرح مكانه ما دامت مصلحة الفرد فوق كل اعتبار,0,0,0
القضاء يتابع مول القرطاس في حالة سراح,0,0,0
صباحك عسل وسكر ياجميل,0,0,0
هادشي يبين لك مدى جبانة من يدعون تطبيق القانون و الله حتى العصا د السيمي فيها الانحياز,1,1,1
عيدكم مبارك سعيد و كل عام وانتم بألف,0,0,0
النتيجة تعليم السيئ في بلدك,0,0,0
ما بها الارض تدور على جرح لا ينتهي,0,0,0
قريبا سيأتيك الله من فضله,0,0,0
يا سلام عليك,0,0,0
المنتخب الأولمبي يكتفي بمنديل قبل لقاء الكونغو,0,0,0
زوينة عندك كلمة ولو دخيل اهل الشام انا,1,1,1
إني أراك مختلفا عنهم ، فلا تخيب ظني بك,0,0,0
نحن الوجع و نحن العافية و نحن المتناقضون ببنهما,0,0,0
رمضان اللهم احسن وقوفنا بين يديك,0,0,0
رحم الله الفقيد,0,0,0
هكذا هي الحياه يوما يطيل به آلفرح و يومآ يطيل به الحزن وما اجمل الصبر,0,0,0
صباح الخير و سنة سعيدة مليئة بالحب و النجاح ليكم جميعا,0,0,0
لكن هذا البرنامج السخيف الرخيص واضح التمثيل فيه,0,0,0
ترامب رجل الأعمال لا يستحق الرءاسة,0,0,0
الله يلاقينا مع ما احسن منا لتطيب العشرة,1,1,1
شربوهم شي حاجة ف فالاستراحة,1,1,1
لن تتوقف الحياة على أشياء خذلتنا فدائما يعوضنا الله بما ھو أفضل,0,0,0
الله اكبر نسولو فيه نديرو معاه الصواب,1,1,1
كتزيد تحس بحجم المسؤولية اللي عندو شي وليدات الله يصلحهم له,1,1,1
الرمضاني وحلات ليه الهضرة,1,1,1
قلة التركيز و واخذين من الاحتراف غ السمية,1,1,1
نهاركم مبروك,1,0,1
استغفرالله العظيم واتوب اليه,0,0,0
إن الله يقذف الحب في قلوبنا فلا تسأل محب لماذا أحببت,0,0,0
لو تكلمنا على قطاع الصحة العمومي لا ارى اي مبالغة فالوضع كارثي,0,0,0
لجنه حكم ماعندها ذرة احترام,0,0,1
ماضحكيش هاداك راه سميتو الابداع,1,1,1
مواقع التواصل الاجتماعي عبارة عن قناع صعب الكشف الا من رحم ربي على فكرة غيرت الحساب ام الاسم ام الاثنين معا,0,0,0
صحيح لكن هناك من حج مرارا و هناك فقراء في البلد,0,0,0
هكذا يكبلك الحزن,0,0,0
المغرب ينسحب من التحالف المشؤوم الذي يقتل في نساء و أطفال اليمن بقيادة السعودية و الإمارات,0,0,0
لا آعلم ماذا يخبئ لي الغد لكني خبآت له التفاءل صباحك جميل,0,0,0
واقيلا عندك الحق,1,1,1
راه غير بغيت ندير فيها عميقة و ماصدقاتش,1,1,1
الله يطول عمرك الحياة حلوه بس نفهمها,1,0,0
حنا فاش كنا تلاميذ كنا كنديرو احتجاجات بعقلها وكنا عارفين معى التظاهر وعارفين أشنو الرسائل اللي بغينا نوصلو هاد الدراري ديال دابا زايغين وصافي وماعندهمش الوعي اللازم لخوض معركة نضالية,1,1,1
امارة المؤمنين عيب و عار الله ياخذ الحق ف اللي كان سباب,1,1,1
عن اي علاقة تتكلمين سموك,0,0,0
السلطة تمارس إجراما سياسيا ضد الفقراء,0,0,0
بحر حبي لو دخلته يغرقك,0,0,0
كوكو مبروك عيدكم بكل ماتمنيتو فحياتكم كنبغيكم حبيبتي أختي الصغيرة نسرين,1,1,1
قامت احدى الصفحات التي اتابعها بنشره حتى اتأكد من صحته يبقى قابل للتكذيب,0,0,0
في هده الحالة غضي الطرف و واصلي حياتك ان كان تمت ما يمكن تغييره فهو كذلك غير ذلك فانت غير ملامة,0,0,0
أين الثروة حماة الوطن,0,0,0
أما بعد فالكمال لله وحده,0,0,0
طبعة جديدة من امرأة بكل بساطة للطرابلسي,0,0,0
كنقرا جاب ليا الله بحال لي كنقرا لشي كاتب و لا روائي تبارك الله عليك,1,1,1
عصابة وراء اختطاف شخصا شمال المكسيك,0,0,0
نهاركم مبروك شكون غادي يتفرج ليوما فالماتش ديال المنتخب المغربي و فناضاركم اشنو غادي يديرو,1,1,1
الله يوفقك أخي,0,0,0
و بارك الله فيك و باركك يا رب,0,0,0
عادة قديمة,0,0,0
الصبر له مذاق سيء و لكن نتائجه جميلة,0,0,0
المشكلة فالحكم اللي منحااااز,1,1,1
غير وضحت ليك الصورة,1,1,1
هذه سنة الحياة أخويا ماعليك غير الصبر,0,1,1
سيئ جدا عندما تختبى أشياء بداخلنا لا نستطيع التخلص منها لا تحكى لا تكتب لا تفهم,0,0,0
اله اعلم حتى نتبين,0,1,1
بارك الله فيك آختي الغاليةجوهرتي الثمينة,0,0,0
أكيد أهلا وسهلا بأي وقت,0,0,0
نعم كذلكشكرا لك,0,0,0
علاش بالضبط هاد الصورة,1,1,1
لكن بعض الصحفيين للأسف افقدو الصحافة هدفها النبيل عندما اصبحوا مجرد أدوات لتلميع صورة حزب سياسي أو مجرد وسائل في يد جهات لتحقيق أهداف لا إنسانية وفي بعض الأحيان يجهزون على مستقبل شعب بأكمله الصحافة أكبر من بعض المرتزفة,0,0,0
انا تنشوف الغزل هو نتي دابا,1,1,1
احتلينا المرتبة الثالثة واحنا عندنا اكفس منضومة تعليمية فتاريخ المغرب كون كان تعليمنا مزيان كون مشينا بعيد الا يستحق هذا الشعب المثابر الافضل,1,1,1
هذا ليس حل بل نفاق,0,0,0
احترمك كثيرا وأطلب من الله ان يوفقك في حياتك العلمية والعملية فتاة مثقفة مرحة دام لك الالق — امين بارك الله فيك,0,0,0
حتى انا كنعمل هادي و سولت عليها لقيت الاغلبية كيقول باللي غ ولفت القهوة اما ما عندها حتى دور بتسكين الالم,1,1,1
محمد صلاح ولد وترعرع في بلد اخر غير مصر,0,0,0
اذا أردت الشيء يدوم لا تتحدث عنه,0,0,0
اهله الله علينا و عليكم بالامن و الامان و اليمن و البركات,0,0,0
شهد اليوم مستشفى الحسن الثاني باگادير اضرابا للممرضين مطالبين بحقوقهم,0,1,0
ندعي النسيان و تهزمنا قصيده,0,0,0
و لا اروع بزيرو درهم,1,1,1
آمين يا رب العالمين الله يسعدك,0,0,0
البساطة هي قطعة من الجمال,0,0,0
هذه مقدمات كارثية,0,0,0
اللهم حسن الختام,0,0,0
الى غير فادك نت باركة علينا,1,1,1
الفشل بكل عناوينه فشل تنظيم فشل في أدارة المباريات فشل,0,0,0
أتينا لهذا العالم بدون تخطيط مسبق لذلك نحن مطالبون بتحديد مصيرنا,0,0,0
مزيان ياجميل,1,1,1
للمعلومة فقط جاستن ترودو رئيس وزراء كندا,0,0,0
اجمل حاجة فيك يا الهام انك صريحة و واضحة,0,0,0
اللهم ارحم موتانا وموتى المسلمين وتجاوز عنهم ونور قبورهم واجعل مسكنهم الجنة واجعلهم من أصحاب اليمين يارحمن يارحيم,0,0,0
من مصلحة الشعب يخسر المنتخب و يخرج من المونديال لتستمر المقاطعة,1,1,0
مبروك وألف مبروك يتربى فعزك,1,0,0
صباح الخير الإخوة و الأخوات عواشر مبروكة مولد خير البرية و أشرف خلق الله,0,0,1
السؤال واش مقاطعة هاد المهرجان حتى هو ضرب لاقتصاد البلاد ام سيخرجون علينا بتهديد اخر,1,1,1
يستحقوها حيت حالنا ما يهمهم,1,1,1
كل الحب,0,0,0
سماء غائمة وأمطار رعدية,0,0,0
ذمتي متألقة يا استاذة,0,0,0
هذا الليلية فرحان لفوز ريال مدريد إلا أنه خسارة ديال الحسنية مبغاتش تسرط ليا,1,1,1
الأسوأ هو أن يعاد الشعور الذي جاهدت طويلا أن تتجاوزه أن يباغتك الموقف مرة أخرى من حيث لا تعلم,0,0,0
الإرادة و العزيمة فكرة القدم احيانا تكون فعالة على التقنيات و المهارة,1,0,0
اعرف ان الصهاينة سفلة و قتلة,0,0,0
الله يجمعنا معهم بالجنة,0,0,0
قال لها أود لو كنت ولي أمرك قالت له الا يكفيك أنك ولي روحي,0,0,0
اه ماشاء الله,1,0,0
مديرش فبالك اهم شي الاخلاق,1,1,1
وزير الشباب والرياضة ضيفا على برنامج في حلقة خاصة,0,0,0
موقع جميل لضبط حركات تشكيل اللغة العربية,0,0,0
تغريدتي الاخيرة ربما تعجبكم و تكون مقدمة لحكاية جديدة,0,0,0
ما يخالف طول عمرك,0,1,0
و لله الحمد بعض المرات يبقى فيك الحال على شي حاجة لكن مع مرور الوقت تدرك ان ابتعادها كان فيه خير كثير,0,1,0
الله كبير,0,0,0
نريد تغطية عن هذه الجريمه ربما يكون للمجرم خطيبه,0,0,0
وعند كرامتي سلام عليك وكأنك لم تخلق,0,0,0
كل التوفيق لرجاء الشعب اليوم في نهائي الكنفدرالية,0,0,0
مساء الخير أصدقائي,0,0,0
ميمكنش ننعس مع هاد لحريق,1,1,1
حققيقة صادمة للأسف,0,0,0
الشكر لله ثم للأشياء التي تعمر داخلنا ألف فرحه,0,0,0
حنا عندنا الجو حار و تما بارد ما شاء الله,1,1,1
كل مافيك جميل ، ما لعينيك مثيل,0,0,0
وانا اعتذر بدوري كل التقدير,0,0,0
بالصور كارثة عقارية جديدة,0,0,0
تغيرت لأني تأذيت أكثر مما استحق,0,0,0
حان الوقت للتغيير,0,0,0
عندما خاب ظني بالكثيرين,0,0,0
الحمد لله رب العالمين,0,0,0
مساء الخير وجوه الخير,1,0,0
حجي عندو خلاف شخصي و يقدر يتحل كما كان مع زياش,1,1,1
للأسف الواقع المر,0,0,0
مافيه شي اجمل من عيونك,0,0,0
من هواياتي نتكلم اللونقلي يعني أحسن من رئيس الحكومة,1,0,0
رحمها الله ورزقكم الصبر واسكنها الفردوس الاعلى من الجنة,0,0,0
استغرب من المحللين الذين يضخمون من الاعتداء على سفارة إسرائيل بدعوى أنه مخالف للقانون الدولي فهي جنحة مقابل جرائم إسرائي,0,0,0
الحمدلله على نعمة المغرب,0,0,0
تتوسع كل المشاعر الجميلة حينما تنوي التركيز على ماتحب,0,0,0
في الخلافات بعض الأشخاص يقومون بالإعتذار حتى وإن لم يكونو على خطأ رغبة منهم بإستمرار العلاقة مع من يحبون,0,0,0
في إنتظار الفحوصات,0,0,0
قال ابن خلدون إن العرب لا يحصل لهم الملك إلا بصيغة دينية أو ولاية أو أثر عظيم من الدين بسبب خلق التوحش المتأصل فيهم وهم أصعب الأمم انقيادا بعضهم لبعض للغلظة والأنفة وبعد الهمة والمنافسة في الرئاسة فقلما تجتمع أهوائهم,0,0,0
اللهم أحسن عاقبتنا في الأمور كلها وأجرنا من خزي الدنيا وعذاب الآخرة,0,0,0
اذن المشكل مشكل ثقافة في الاساس ثقافة الحوار ثقافة تقبل الاخر ثقافة التعايش حتى ثقافة الحب ناقصة عندنا,1,1,0
يستحقون الموت,0,0,0
على بركة الله,0,0,0
أجواء العيد في مراكش رائعة,0,0,0
نصيحة اليوم الكلام الناقس مورا الظهر كيبقا ديما مورا الظهر وكيخليك ديما تزيد لقدام,1,1,1
و هادشي كامل واقف على هدك البساطة السهل الممتنع,1,1,1
حتى لا نكن في خانة الجهلاء و نعمم الفعل على الكل هناك عقلاء و هناك متعصبين,0,0,0
لا تعطي الإحباطات اليومية القدرة على إطفاء حماسك وضعف همتك وتشتت تركيزك على إنجاز الأهداف الكبرى لأنك أكبر من تلك المعوقات,0,0,0
امين ازين ربي يخليك ان شاء الله ربي يدير شي تاويل ديال لخير,1,1,1
مبروك عليكم تتربى فعزكم ان شاء الله,1,1,0
اطمئن يا قلبي الصبور الحقد و الغل لا يحرق الا اصحابه,0,0,0
زمان مؤلم يندم الوفي على وفاءه,0,0,0
حنا فرحانين كثر من المصريين,1,1,1
الحراك إنزلاق خطير من أعداء الجزائر,0,0,0
حفظ الله أمي وأمك وأمهات جميع المسلمين,0,0,0
الحمدلله بعدا بلي قلت قريت واحد التغريدة وعجباتني باش ماتجيش تقاضيني و تقوليلي حقوق النشر,1,1,1
أسوأ أنواع الموت أن تموت و أنت ترى,0,0,0
الف مبروك للشعب الموريتاني تصدير اول دفعة من منتوج التوت البري لبيريطانيا قبل عدة ايام حسب تصريح وزيرة الزراعه,0,0,0
شكرا جزيلا لك نحن سعداء بدعمكم,0,0,0
تصبحو على خير,1,0,0
كتاب رائع,0,0,0
أفشل الرئيس كذبه وإخلافه للوعود,0,0,0
